uid,nightuid,namedLocation,domainID,siteID,plotID,collectDate,endDate,samplingProtocolVersion,remarks,dataQF
"cf3656e2-724d-4dd9-bce2-beb016c39244","AF6133426AA94D779BD38E335C642944","HARV_021.mammalGrid.mam","D01","HARV","HARV_021","2015-10-05","2015-10-05",,,
"ef8b2f6c-66ab-4c4f-b856-ae6cbbe1b48f","13C2CD8435C243E1982D4CF373B7539E","HARV_008.mammalGrid.mam","D01","HARV","HARV_008","2015-10-05","2015-10-05",,,
"146d09df-7478-492c-a86f-63dc33b1059a","3A5BDCCB0FF947F0BA9E48E8427FDB7D","HARV_023.mammalGrid.mam","D01","HARV","HARV_023","2015-10-05","2015-10-05",,,
"ee975375-abab-42bb-806d-04ff641d0495","39957003959048CCAC8B917069BC7183","HARV_021.mammalGrid.mam","D01","HARV","HARV_021","2015-10-06","2015-10-06",,,
"d686a575-a93b-475c-acc6-3efb8ffff046","DCF287BB93CC4CF4B00F767324A92E33","HARV_008.mammalGrid.mam","D01","HARV","HARV_008","2015-10-06","2015-10-06",,,
"fce26292-5026-40f0-917d-e38667e1a665","7F4369908DD7464DB14B46E96D5EBA4D","HARV_023.mammalGrid.mam","D01","HARV","HARV_023","2015-10-06","2015-10-06",,,
"f6b57cc4-1081-4c1d-81db-c47a2e702501","D01DA58821E049FA92B0D82FC036BC24","HARV_008.mammalGrid.mam","D01","HARV","HARV_008","2015-10-07","2015-10-07",,,
"77507420-5bc3-4d5e-8638-f4949975a50b","86304C41399E40A0BEE3B3FBF9D60A95","HARV_021.mammalGrid.mam","D01","HARV","HARV_021","2015-10-07","2015-10-07",,,
"aeb8deb5-5ee0-4472-9b3c-1fbb69a53896","2C07DB3F89CF40068CA49E84AB771D44","HARV_006.mammalGrid.mam","D01","HARV","HARV_006","2015-10-08","2015-10-08",,,
"e0d0d062-9a8b-4038-b804-b3b5ff34c8ee","CD37FC9FE30A47B8A94525774E78D320","HARV_014.mammalGrid.mam","D01","HARV","HARV_014","2015-10-08","2015-10-08",,,
"eaa5f344-4be8-4960-82f3-181ee923e639","374BEBB710994E3CAE72EF869E0D9704","HARV_032.mammalGrid.mam","D01","HARV","HARV_032","2015-10-08","2015-10-08",,,
"78b156b9-cbd0-4381-b226-f931249ac6ef","8DDCC1D4E4D74C8B81BCB432A9EEDC98","HARV_001.mammalGrid.mam","D01","HARV","HARV_001","2015-10-09","2015-10-09",,,
"0a3be586-1a3d-44f3-991e-9b0e91e96d22","029FF7B58A124A12A6E7385C9C5DCB10","HARV_010.mammalGrid.mam","D01","HARV","HARV_010","2015-10-09","2015-10-09",,,
