uid,nightuid,namedLocation,domainID,siteID,plotID,collectDate,endDate,samplingProtocolVersion,remarks,dataQF
"efd47e9b-85e3-4fe8-a344-12364c26f6a0","0f327e23-e5c8-474c-bee6-24ce108b4016","HARV_021.mammalGrid.mam","D01","HARV","HARV_021","2017-06-21","2017-06-21","NEON.DOC.000481vJ",,
"5b848759-04f7-460d-a0fc-c28647a42ae9","d0b7cab2-6aea-438b-8465-8ba7e92583dd","HARV_023.mammalGrid.mam","D01","HARV","HARV_023","2017-06-21","2017-06-21","NEON.DOC.000481vJ",,
"115dd218-c0e2-4d14-969e-aa3587bbc45e","78344531-51e5-4e0f-88ec-4158d1be9202","HARV_008.mammalGrid.mam","D01","HARV","HARV_008","2017-06-21","2017-06-21","NEON.DOC.000481vG",,
"eaf26afc-8b45-49b0-8eb7-7e75bdfdf40d","71d92cb0-b51d-4183-b8a7-a5bd1947c4bb","HARV_023.mammalGrid.mam","D01","HARV","HARV_023","2017-06-22","2017-06-22","NEON.DOC.000481vJ",,
"78004256-9560-468c-98a6-5f239af7d2e8","ce229845-2764-4939-9579-7daa855c9eb0","HARV_021.mammalGrid.mam","D01","HARV","HARV_021","2017-06-22","2017-06-22","NEON.DOC.000481vJ",,
"a156a487-40e6-440d-8ffb-82e0265e158a","0f94c8be-daf9-4822-8f1b-355938128d3a","HARV_008.mammalGrid.mam","D01","HARV","HARV_008","2017-06-22","2017-06-22","NEON.DOC.000481vG",,
"ec5db6c7-a675-4010-a3c0-53c0e974e3f7","c1d07da6-cc74-4c81-9c86-3c3400674bd1","HARV_021.mammalGrid.mam","D01","HARV","HARV_021","2017-06-23","2017-06-23","NEON.DOC.000481vJ",,
"f23718ca-77ac-427b-81f3-aa5b9faa63e2","525863a2-1ae0-46ad-a31c-2d6346752133","HARV_023.mammalGrid.mam","D01","HARV","HARV_023","2017-06-23","2017-06-23","NEON.DOC.000481vJ",,
"f3cfcad0-0937-477b-bd9a-f1632bc383bb","a4863dc5-05fe-4285-8b04-546deb7a5ee2","HARV_008.mammalGrid.mam","D01","HARV","HARV_008","2017-06-23","2017-06-23","NEON.DOC.000481vG",,
"3331dfc8-3d3a-4ec5-b887-1d57e8bb999f","d8128cce-8e0c-4828-80b2-4bffce6c4cd4","HARV_010.mammalGrid.mam","D01","HARV","HARV_010","2017-06-24","2017-06-24","NEON.DOC.000481vJ",,
"c7e17fa3-f96c-44cb-aeb8-03dce1fd423f","dcbb3f5d-5561-41c6-9c89-363561f2d0b8","HARV_006.mammalGrid.mam","D01","HARV","HARV_006","2017-06-24","2017-06-24","NEON.DOC.000481vJ",,
"deaac6a5-3b1c-4efb-8b5e-cf65b25bcf6a","9fb8db6e-c426-419e-a3ca-fe068835c1b7","HARV_001.mammalGrid.mam","D01","HARV","HARV_001","2017-06-24","2017-06-24","NEON.DOC.000481vJ",,
