uid,nightuid,namedLocation,domainID,siteID,plotID,trapCoordinate,plotType,nlcdClass,decimalLatitude,decimalLongitude,geodeticDatum,coordinateUncertainty,elevation,elevationUncertainty,trapStatus,trapType,collectDate,endDate,tagID,individualCode,taxonID,scientificName,taxonRank,identificationQualifier,identificationReferences,nativeStatusCode,sex,recapture,fate,replacedTag,lifeStage,testes,nipples,pregnancyStatus,vagina,hindfootLength,earLength,tailLength,totalLength,weight,larvalTicksAttached,nymphalTicksAttached,adultTicksAttached,bloodSampleID,bloodSampleBarcode,bloodSampleMethod,fecalSampleID,fecalSampleBarcode,fecalSampleCondition,earSampleID,earSampleBarcode,hairSampleID,hairSampleBarcode,hairSampleContents,voucherSampleID,voucherSampleBarcode,measuredBy,recordedBy,remarks,dataQF
"5d2c0cde-e64f-47db-bdb6-5e6ea9d6b0a2","A97D53B209B646E29DC48BE8B54265A4","HARV_010.mammalGrid.mam","D01","HARV","HARV_010","A1","distributed","mixedForest",42.424891,-72.256376,"WGS84",45.1,196.7,0.2,"6 - trap set and empty","ShermanLF","2016-07-01","2016-07-01",,,,,,,,,,,,,,,,,,,,,,,,,,,,,,,,,,,,,,,"eeimers@field-ops.org","swilson@field-ops.org",,
"00163042-19da-4d47-89c9-1e045d344123","A97D53B209B646E29DC48BE8B54265A4","HARV_010.mammalGrid.mam","D01","HARV","HARV_010","G9","distributed","mixedForest",42.424891,-72.256376,"WGS84",45.1,196.7,0.2,"6 - trap set and empty","ShermanLF","2016-07-01","2016-07-01",,,,,,,,,,,,,,,,,,,,,,,,,,,,,,,,,,,,,,,"eeimers@field-ops.org","swilson@field-ops.org",,
"3a1a784f-43ff-4f5c-ad27-f0e1c752cd5d","A97D53B209B646E29DC48BE8B54265A4","HARV_010.mammalGrid.mam","D01","HARV","HARV_010","C10","distributed","mixedForest",42.424891,-72.256376,"WGS84",45.1,196.7,0.2,"5 - capture","ShermanLF","2016-07-01","2016-07-01","NEON.MAM.D01.R2037",,"TAST","Tamias striatus","species",,,"N","F","Y","released",,"adult",,"nonenlarged","not","neither",32,,,,87,"N","N","N",,,,,,,"HARV.20160701.R2037.E",,,,,,,"eeimers@field-ops.org","swilson@field-ops.org",,
"eae27522-106e-45ea-aa31-51dcb18d8077","A97D53B209B646E29DC48BE8B54265A4","HARV_010.mammalGrid.mam","D01","HARV","HARV_010","J10","distributed","mixedForest",42.424891,-72.256376,"WGS84",45.1,196.7,0.2,"3 - trap door open or closed w/ spoor left","ShermanLF","2016-07-01","2016-07-01",,,,,,,,,,,,,,,,,,,,,,,,,,,,,,,,,,,,,,,"eeimers@field-ops.org","swilson@field-ops.org",,
"f9dc4e1e-8fbb-41c2-bf19-772471c0e757","A97D53B209B646E29DC48BE8B54265A4","HARV_010.mammalGrid.mam","D01","HARV","HARV_010","E5","distributed","mixedForest",42.424891,-72.256376,"WGS84",45.1,196.7,0.2,"5 - capture","ShermanLF","2016-07-01","2016-07-01","NEON.MAM.D01.R2308",,"PEMA","Peromyscus maniculatus","species","cf. species",,"N","M","Y","released",,"adult","nonscrotal",,,,19,14,86,,24,"N","N","N",,,,"HARV.20160701.R2308.F",,"fresh",,,"HARV.20160701.R2308.H",,"hairAndWhisker",,,"eeimers@field-ops.org","swilson@field-ops.org",,
"38d8bdf2-b786-43b5-8986-80004b1f82bb","A97D53B209B646E29DC48BE8B54265A4","HARV_010.mammalGrid.mam","D01","HARV","HARV_010","D1","distributed","mixedForest",42.424891,-72.256376,"WGS84",45.1,196.7,0.2,"5 - capture","ShermanLF","2016-07-01","2016-07-01","NEON.MAM.D01.L2257",,"MYGA","Myodes gapperi","species",,,"N","M","N","released","RIGHT","adult","scrotal",,,,20,,,,27,"N","Y","N",,,,,,,"HARV.20160701.L2257.E",,,,,,,"eeimers@field-ops.org","swilson@field-ops.org",,
"81c621c4-66b0-4b20-b31c-6240369338e4","A97D53B209B646E29DC48BE8B54265A4","HARV_010.mammalGrid.mam","D01","HARV","HARV_010","E9","distributed","mixedForest",42.424891,-72.256376,"WGS84",45.1,196.7,0.2,"6 - trap set and empty","ShermanLF","2016-07-01","2016-07-01",,,,,,,,,,,,,,,,,,,,,,,,,,,,,,,,,,,,,,,"eeimers@field-ops.org","swilson@field-ops.org",,
"5e5ff3e2-9d1c-429b-8970-f6f89c2c874d","A97D53B209B646E29DC48BE8B54265A4","HARV_010.mammalGrid.mam","D01","HARV","HARV_010","A5","distributed","mixedForest",42.424891,-72.256376,"WGS84",45.1,196.7,0.2,"5 - capture","ShermanLF","2016-07-01","2016-07-01","NEON.MAM.D01.R2964",,"TAST","Tamias striatus","species",,,"N","F","N","escaped",,"adult",,"nonenlarged","not","neither",32,,,,92,"N","N","N",,,,,,,"HARV.20160701.R2964.E",,,,,,,"eeimers@field-ops.org","swilson@field-ops.org",,
"0b17d7b0-6123-40cb-b1c1-19f2b59f47c6","A97D53B209B646E29DC48BE8B54265A4","HARV_010.mammalGrid.mam","D01","HARV","HARV_010","J7","distributed","mixedForest",42.424891,-72.256376,"WGS84",45.1,196.7,0.2,"3 - trap door open or closed w/ spoor left","ShermanLF","2016-07-01","2016-07-01",,,,,,,,,,,,,,,,,,,,,,,,,,,,,,,,,,,,,,,"eeimers@field-ops.org","swilson@field-ops.org",,
"973af4d0-ed38-4f10-b645-2f80f7d55d99","A97D53B209B646E29DC48BE8B54265A4","HARV_010.mammalGrid.mam","D01","HARV","HARV_010","I9","distributed","mixedForest",42.424891,-72.256376,"WGS84",45.1,196.7,0.2,"5 - capture","ShermanLF","2016-07-01","2016-07-01","NEON.MAM.D01.R2574",,"PEMA","Peromyscus maniculatus","species","cf. species",,"N","M","Y","released",,"adult","nonscrotal",,,,20,15,84,,23,"N","N","N",,,,"HARV.20160701.R2574.F",,"fresh","HARV.20160701.R2574.E",,"HARV.20160701.R2574.H",,"hairAndWhisker",,,"eeimers@field-ops.org","swilson@field-ops.org",,
"68bbe6e0-2904-43c9-a8f1-07c53d266b69","A97D53B209B646E29DC48BE8B54265A4","HARV_010.mammalGrid.mam","D01","HARV","HARV_010","D7","distributed","mixedForest",42.424891,-72.256376,"WGS84",45.1,196.7,0.2,"6 - trap set and empty","ShermanLF","2016-07-01","2016-07-01",,,,,,,,,,,,,,,,,,,,,,,,,,,,,,,,,,,,,,,"eeimers@field-ops.org","swilson@field-ops.org",,
"f97e245e-d4bf-4842-be81-107a01787741","A97D53B209B646E29DC48BE8B54265A4","HARV_010.mammalGrid.mam","D01","HARV","HARV_010","E4","distributed","mixedForest",42.424891,-72.256376,"WGS84",45.1,196.7,0.2,"3 - trap door open or closed w/ spoor left","ShermanLF","2016-07-01","2016-07-01",,,,,,,,,,,,,,,,,,,,,,,,,,,,,,,,,,,,,,,"eeimers@field-ops.org","swilson@field-ops.org",,
"1602bf5f-69f6-4bc0-aff1-a12155f99fd5","A97D53B209B646E29DC48BE8B54265A4","HARV_010.mammalGrid.mam","D01","HARV","HARV_010","B3","distributed","mixedForest",42.424891,-72.256376,"WGS84",45.1,196.7,0.2,"5 - capture","ShermanLF","2016-07-01","2016-07-01","NEON.MAM.D01.L2963",,"PEMA","Peromyscus maniculatus","species","cf. species",,"N","F","N","released",,"subadult",,"nonenlarged","not","neither",20,14,81,,17,"N","N","N",,,,"HARV.20160701.L2963.F",,"fresh","HARV.20160701.L2963.E",,"HARV.20160701.L2963.H",,"hairAndWhisker",,,"eeimers@field-ops.org","swilson@field-ops.org","took two ear punches",
"904b9bf9-4958-4b5b-9b07-9164e5fdbb60","A97D53B209B646E29DC48BE8B54265A4","HARV_010.mammalGrid.mam","D01","HARV","HARV_010","B6","distributed","mixedForest",42.424891,-72.256376,"WGS84",45.1,196.7,0.2,"6 - trap set and empty","ShermanLF","2016-07-01","2016-07-01",,,,,,,,,,,,,,,,,,,,,,,,,,,,,,,,,,,,,,,"eeimers@field-ops.org","swilson@field-ops.org",,
"1e04a0d7-ce6d-428f-bee0-bb5140d4413a","A97D53B209B646E29DC48BE8B54265A4","HARV_010.mammalGrid.mam","D01","HARV","HARV_010","A3","distributed","mixedForest",42.424891,-72.256376,"WGS84",45.1,196.7,0.2,"3 - trap door open or closed w/ spoor left","ShermanLF","2016-07-01","2016-07-01",,,,,,,,,,,,,,,,,,,,,,,,,,,,,,,,,,,,,,,"eeimers@field-ops.org","swilson@field-ops.org",,
"dac145e8-8930-4369-9211-745193643568","A97D53B209B646E29DC48BE8B54265A4","HARV_010.mammalGrid.mam","D01","HARV","HARV_010","A8","distributed","mixedForest",42.424891,-72.256376,"WGS84",45.1,196.7,0.2,"5 - capture","ShermanLF","2016-07-01","2016-07-01","NEON.MAM.D01.R2581",,"PEMA","Peromyscus maniculatus","species","cf. species",,"N","F","Y","released",,"adult",,"nonenlarged","not","swollen",21,15,90,,25,"N","N","N",,,,"HARV.20160701.R2581.F",,"fresh","HARV.20160701.R2581.E",,"HARV.20160701.R2581.H",,"hairAndWhisker",,,"eeimers@field-ops.org","swilson@field-ops.org",,
"ac93b9be-af2b-4a85-ad7f-b74931ef818f","F0DC3EBA21774A65B89CFA6A62E37C3B","HARV_001.mammalGrid.mam","D01","HARV","HARV_001","G9","distributed","deciduousForest",42.422943,-72.258721,"WGS84",45.1,200.7,0.2,"5 - capture","ShermanLF","2016-07-01","2016-07-01","NEON.MAM.D01.R1408",,"PEMA","Peromyscus maniculatus","species","cf. species",,"N","F","Y","released",,"adult",,"nonenlarged","not","neither",20,16,79,,22,"N","N","N",,,,"HARV.20160701.R1408.F",,"fresh","HARV.20160701.R1408.E",,"HARV.20160701.R1408.H",,"hairAndWhisker",,,"auccello@field-ops.org","thillman@neoninc.org",,
"64974315-db09-469c-938f-e92dcbdf27e0","F0DC3EBA21774A65B89CFA6A62E37C3B","HARV_001.mammalGrid.mam","D01","HARV","HARV_001","D2","distributed","deciduousForest",42.422943,-72.258721,"WGS84",45.1,200.7,0.2,"6 - trap set and empty","ShermanLF","2016-07-01","2016-07-01",,,,,,,,,,,,,,,,,,,,,,,,,,,,,,,,,,,,,,,"auccello@field-ops.org","thillman@neoninc.org",,
"ea5ece8c-302f-49c4-b5d3-fadfe9a692c5","F0DC3EBA21774A65B89CFA6A62E37C3B","HARV_001.mammalGrid.mam","D01","HARV","HARV_001","A2","distributed","deciduousForest",42.422943,-72.258721,"WGS84",45.1,200.7,0.2,"6 - trap set and empty","ShermanLF","2016-07-01","2016-07-01",,,,,,,,,,,,,,,,,,,,,,,,,,,,,,,,,,,,,,,"auccello@field-ops.org","thillman@neoninc.org",,
"72ff9ac3-a7a4-4016-b1c6-c7ec1df67a73","F0DC3EBA21774A65B89CFA6A62E37C3B","HARV_001.mammalGrid.mam","D01","HARV","HARV_001","C6","distributed","deciduousForest",42.422943,-72.258721,"WGS84",45.1,200.7,0.2,"5 - capture","ShermanLF","2016-07-01","2016-07-01","NEON.MAM.D01.R0892",,"PELE","Peromyscus leucopus","species","cf. species",,"N","F","Y","released",,"adult",,"nonenlarged","not","neither",20,15,84,,23,"N","N","N",,,,"HARV.20160701.R0892.F",,"fresh","HARV.20160701.R0892.E",,"HARV.20160701.R0892.H",,"hairAndWhisker",,,"auccello@field-ops.org","thillman@neoninc.org",,
"7960b2fc-3dc0-4f43-a896-c697b02364f6","F0DC3EBA21774A65B89CFA6A62E37C3B","HARV_001.mammalGrid.mam","D01","HARV","HARV_001","C4","distributed","deciduousForest",42.422943,-72.258721,"WGS84",45.1,200.7,0.2,"6 - trap set and empty","ShermanLF","2016-07-01","2016-07-01",,,,,,,,,,,,,,,,,,,,,,,,,,,,,,,,,,,,,,,"auccello@field-ops.org","thillman@neoninc.org",,
"e3d30265-6fe3-4390-971c-6bfa6d4cb3e1","F0DC3EBA21774A65B89CFA6A62E37C3B","HARV_001.mammalGrid.mam","D01","HARV","HARV_001","F1","distributed","deciduousForest",42.422943,-72.258721,"WGS84",45.1,200.7,0.2,"5 - capture","ShermanLF","2016-07-01","2016-07-01","NEON.MAM.D01.R2675",,"PEMA","Peromyscus maniculatus","species","cf. species",,"N","F","N","released",,"subadult",,"nonenlarged","not","neither",19,14,76,,16,"N","N","N",,,,"HARV.20160701.R2675.F",,"fresh","HARV.20160701.R2675.E",,"HARV.20160701.R2675.H",,"hairAndWhisker",,,"auccello@field-ops.org","thillman@neoninc.org",,
"09f60a46-e721-4a3e-b668-40e2f7267372","F0DC3EBA21774A65B89CFA6A62E37C3B","HARV_001.mammalGrid.mam","D01","HARV","HARV_001","C10","distributed","deciduousForest",42.422943,-72.258721,"WGS84",45.1,200.7,0.2,"6 - trap set and empty","ShermanLF","2016-07-01","2016-07-01",,,,,,,,,,,,,,,,,,,,,,,,,,,,,,,,,,,,,,,"auccello@field-ops.org","thillman@neoninc.org",,
"4c48dc76-6375-4d7f-8729-3e56c3f24d19","F0DC3EBA21774A65B89CFA6A62E37C3B","HARV_001.mammalGrid.mam","D01","HARV","HARV_001","J10","distributed","deciduousForest",42.422943,-72.258721,"WGS84",45.1,200.7,0.2,"3 - trap door open or closed w/ spoor left","ShermanLF","2016-07-01","2016-07-01",,,,,,,,,,,,,,,,,,,,,,,,,,,,,,,,,,,,,,,"auccello@field-ops.org","thillman@neoninc.org",,
"956989e6-dd42-4e58-bea3-49f2712c8a4a","F0DC3EBA21774A65B89CFA6A62E37C3B","HARV_001.mammalGrid.mam","D01","HARV","HARV_001","D7","distributed","deciduousForest",42.422943,-72.258721,"WGS84",45.1,200.7,0.2,"5 - capture","ShermanLF","2016-07-01","2016-07-01","NEON.MAM.D01.R0854",,"PEMA","Peromyscus maniculatus","species","cf. species",,"N","F","Y","released",,"adult",,"enlarged","not","swollen",19,15,79,,24,"N","N","N",,,,"HARV.20160701.R0854.F",,"fresh",,,"HARV.20160701.R0854.H",,"hairAndWhisker",,,"auccello@field-ops.org","thillman@neoninc.org",,
"dbed6948-c57b-4c98-8a1a-1e5930c85b4d","F0DC3EBA21774A65B89CFA6A62E37C3B","HARV_001.mammalGrid.mam","D01","HARV","HARV_001","I10","distributed","deciduousForest",42.422943,-72.258721,"WGS84",45.1,200.7,0.2,"5 - capture","ShermanLF","2016-07-01","2016-07-01","NEON.MAM.D01.R2277",,"TAST","Tamias striatus","species",,,"N","F","Y","released",,"adult",,"nonenlarged","not","neither",31,,,,94,"N","N","N",,,,"HARV.20160701.R2277.F",,"fresh",,,,,,,,"auccello@field-ops.org","thillman@neoninc.org",,
"5c5ff44d-0bec-4831-9398-34794b9e0ecd","F0DC3EBA21774A65B89CFA6A62E37C3B","HARV_001.mammalGrid.mam","D01","HARV","HARV_001","E3","distributed","deciduousForest",42.422943,-72.258721,"WGS84",45.1,200.7,0.2,"5 - capture","ShermanLF","2016-07-01","2016-07-01","NEON.MAM.D01.R2981",,"MYGA","Myodes gapperi","species",,,"N","F","N","released",,"subadult",,"nonenlarged","not","neither",16,,,,19,"N","N","N",,,,,,,"HARV.20160701.R2981.E",,,,,,,"auccello@field-ops.org","thillman@neoninc.org",,
"f3ae2652-a33a-42d6-ba14-2d9d8865d9eb","F0DC3EBA21774A65B89CFA6A62E37C3B","HARV_001.mammalGrid.mam","D01","HARV","HARV_001","F4","distributed","deciduousForest",42.422943,-72.258721,"WGS84",45.1,200.7,0.2,"5 - capture","ShermanLF","2016-07-01","2016-07-01",,,"BLBR","Blarina brevicauda","species",,,"N","M","N","released",,"adult","nonscrotal",,,,,,,,,"U","U","U",,,,,,,,,,,,,,"auccello@field-ops.org","thillman@neoninc.org",,
"f7680e88-e068-430c-8dfe-18f8c7f3e95e","F0DC3EBA21774A65B89CFA6A62E37C3B","HARV_001.mammalGrid.mam","D01","HARV","HARV_001","H8","distributed","deciduousForest",42.422943,-72.258721,"WGS84",45.1,200.7,0.2,"5 - capture","ShermanLF","2016-07-01","2016-07-01","NEON.MAM.D01.R0899",,"PEMA","Peromyscus maniculatus","species","cf. species",,"N","M","Y","released",,"adult","nonscrotal",,,,20,15,80,,23,"N","N","N",,,,"HARV.20160701.R0899.F",,"fresh",,,"HARV.20160701.R0899.H",,"hairAndWhisker",,,"auccello@field-ops.org","thillman@neoninc.org",,
"de64ff09-2416-4c48-8ce8-8d9037cc7716","F0DC3EBA21774A65B89CFA6A62E37C3B","HARV_001.mammalGrid.mam","D01","HARV","HARV_001","G10","distributed","deciduousForest",42.422943,-72.258721,"WGS84",45.1,200.7,0.2,"6 - trap set and empty","ShermanLF","2016-07-01","2016-07-01",,,,,,,,,,,,,,,,,,,,,,,,,,,,,,,,,,,,,,,"auccello@field-ops.org","thillman@neoninc.org",,
"7e04a92b-ed22-40e0-a4aa-832290d1a4be","F0DC3EBA21774A65B89CFA6A62E37C3B","HARV_001.mammalGrid.mam","D01","HARV","HARV_001","A4","distributed","deciduousForest",42.422943,-72.258721,"WGS84",45.1,200.7,0.2,"5 - capture","ShermanLF","2016-07-01","2016-07-01","NEON.MAM.D01.R2444",,"PEMA","Peromyscus maniculatus","species","cf. species",,"N","F","Y","released",,"adult",,"nonenlarged","not","neither",21,15,85,,25,"N","N","N",,,,"HARV.20160701.R2444.F",,"fresh","HARV.20160701.R2444.E",,"HARV.20160701.R2444.H",,"hairAndWhisker",,,"auccello@field-ops.org","thillman@neoninc.org",,
"296c9c35-3fa3-4799-b939-70284ee72954","F0DC3EBA21774A65B89CFA6A62E37C3B","HARV_001.mammalGrid.mam","D01","HARV","HARV_001","E8","distributed","deciduousForest",42.422943,-72.258721,"WGS84",45.1,200.7,0.2,"6 - trap set and empty","ShermanLF","2016-07-01","2016-07-01",,,,,,,,,,,,,,,,,,,,,,,,,,,,,,,,,,,,,,,"auccello@field-ops.org","thillman@neoninc.org",,
"5c3a58b1-9b6d-4765-8023-b528b5a1b7f6","F0DC3EBA21774A65B89CFA6A62E37C3B","HARV_001.mammalGrid.mam","D01","HARV","HARV_001","I4","distributed","deciduousForest",42.422943,-72.258721,"WGS84",45.1,200.7,0.2,"5 - capture","ShermanLF","2016-07-01","2016-07-01","NEON.MAM.D01.R2195",,"PEMA","Peromyscus maniculatus","species","cf. species",,"N","M","Y","released",,"adult","nonscrotal",,,,21,15,79,,18,"N","N","N",,,,"HARV.20160701.R2195.F",,"fresh","HARV.20160701.R2195.E",,"HARV.20160701.R2195.H",,"hairAndWhisker",,,"auccello@field-ops.org","thillman@neoninc.org",,
"70553cdb-4245-4112-bc96-c174efef0d4a","F0DC3EBA21774A65B89CFA6A62E37C3B","HARV_001.mammalGrid.mam","D01","HARV","HARV_001","D4","distributed","deciduousForest",42.422943,-72.258721,"WGS84",45.1,200.7,0.2,"6 - trap set and empty","ShermanLF","2016-07-01","2016-07-01",,,,,,,,,,,,,,,,,,,,,,,,,,,,,,,,,,,,,,,"auccello@field-ops.org","thillman@neoninc.org",,
"174db559-aff1-4a03-99c7-0e071664bd85","F0DC3EBA21774A65B89CFA6A62E37C3B","HARV_001.mammalGrid.mam","D01","HARV","HARV_001","A6","distributed","deciduousForest",42.422943,-72.258721,"WGS84",45.1,200.7,0.2,"5 - capture","ShermanLF","2016-07-01","2016-07-01","NEON.MAM.D01.R2469",,"PEMA","Peromyscus maniculatus","species","cf. species",,"N","M","N","released",,"adult","scrotal",,,,19,15,86,,27,"Y","N","N",,,,"HARV.20160701.R2469.F",,"fresh","HARV.20160701.R2469.E",,"HARV.20160701.R2469.H",,"hairAndWhisker",,,"auccello@field-ops.org","thillman@neoninc.org",,
"042e2d56-886a-4d1a-82af-22aefcae8e96","F0DC3EBA21774A65B89CFA6A62E37C3B","HARV_001.mammalGrid.mam","D01","HARV","HARV_001","B4","distributed","deciduousForest",42.422943,-72.258721,"WGS84",45.1,200.7,0.2,"6 - trap set and empty","ShermanLF","2016-07-01","2016-07-01",,,,,,,,,,,,,,,,,,,,,,,,,,,,,,,,,,,,,,,"auccello@field-ops.org","thillman@neoninc.org",,
"f9a6aa1f-e246-4c7f-a145-7d21efdc01ef","F0DC3EBA21774A65B89CFA6A62E37C3B","HARV_001.mammalGrid.mam","D01","HARV","HARV_001","H9","distributed","deciduousForest",42.422943,-72.258721,"WGS84",45.1,200.7,0.2,"6 - trap set and empty","ShermanLF","2016-07-01","2016-07-01",,,,,,,,,,,,,,,,,,,,,,,,,,,,,,,,,,,,,,,"auccello@field-ops.org","thillman@neoninc.org",,
"d009e22d-0c46-4d1c-befb-a79903ee7cb3","F0DC3EBA21774A65B89CFA6A62E37C3B","HARV_001.mammalGrid.mam","D01","HARV","HARV_001","H1","distributed","deciduousForest",42.422943,-72.258721,"WGS84",45.1,200.7,0.2,"6 - trap set and empty","ShermanLF","2016-07-01","2016-07-01",,,,,,,,,,,,,,,,,,,,,,,,,,,,,,,,,,,,,,,"auccello@field-ops.org","thillman@neoninc.org",,
"21dfc43b-0fed-49ea-93e9-daa29ebb3360","F0DC3EBA21774A65B89CFA6A62E37C3B","HARV_001.mammalGrid.mam","D01","HARV","HARV_001","D5","distributed","deciduousForest",42.422943,-72.258721,"WGS84",45.1,200.7,0.2,"3 - trap door open or closed w/ spoor left","ShermanLF","2016-07-01","2016-07-01",,,,,,,,,,,,,,,,,,,,,,,,,,,,,,,,,,,,,,,"auccello@field-ops.org","thillman@neoninc.org",,
"ac43495b-d908-4177-ab5e-8cb504ce80f7","F0DC3EBA21774A65B89CFA6A62E37C3B","HARV_001.mammalGrid.mam","D01","HARV","HARV_001","H6","distributed","deciduousForest",42.422943,-72.258721,"WGS84",45.1,200.7,0.2,"6 - trap set and empty","ShermanLF","2016-07-01","2016-07-01",,,,,,,,,,,,,,,,,,,,,,,,,,,,,,,,,,,,,,,"auccello@field-ops.org","thillman@neoninc.org",,
"b1b60325-0f13-444d-8cd3-d96fd78efedc","F0DC3EBA21774A65B89CFA6A62E37C3B","HARV_001.mammalGrid.mam","D01","HARV","HARV_001","B1","distributed","deciduousForest",42.422943,-72.258721,"WGS84",45.1,200.7,0.2,"6 - trap set and empty","ShermanLF","2016-07-01","2016-07-01",,,,,,,,,,,,,,,,,,,,,,,,,,,,,,,,,,,,,,,"auccello@field-ops.org","thillman@neoninc.org",,
"76ef66fe-56bf-4928-8f1d-b0734c773145","F0DC3EBA21774A65B89CFA6A62E37C3B","HARV_001.mammalGrid.mam","D01","HARV","HARV_001","C7","distributed","deciduousForest",42.422943,-72.258721,"WGS84",45.1,200.7,0.2,"5 - capture","ShermanLF","2016-07-01","2016-07-01","NEON.MAM.D01.R2170",,"TAST","Tamias striatus","species",,,"N","M","Y","released",,"adult","scrotal",,,,31,,,,98,"N","N","N",,,,,,,"HARV.20160701.R2170.E",,,,,,,"auccello@field-ops.org","thillman@neoninc.org",,
"cb966ecd-aa48-4313-842c-c68906471bd5","F0DC3EBA21774A65B89CFA6A62E37C3B","HARV_001.mammalGrid.mam","D01","HARV","HARV_001","F10","distributed","deciduousForest",42.422943,-72.258721,"WGS84",45.1,200.7,0.2,"6 - trap set and empty","ShermanLF","2016-07-01","2016-07-01",,,,,,,,,,,,,,,,,,,,,,,,,,,,,,,,,,,,,,,"auccello@field-ops.org","thillman@neoninc.org",,
"c0081ec0-41c6-439e-ab7f-a5b34e0b2393","F0DC3EBA21774A65B89CFA6A62E37C3B","HARV_001.mammalGrid.mam","D01","HARV","HARV_001","I9","distributed","deciduousForest",42.422943,-72.258721,"WGS84",45.1,200.7,0.2,"6 - trap set and empty","ShermanLF","2016-07-01","2016-07-01",,,,,,,,,,,,,,,,,,,,,,,,,,,,,,,,,,,,,,,"auccello@field-ops.org","thillman@neoninc.org",,
"dcead901-bea3-481f-92e2-f6cff1cc703b","F0DC3EBA21774A65B89CFA6A62E37C3B","HARV_001.mammalGrid.mam","D01","HARV","HARV_001","I3","distributed","deciduousForest",42.422943,-72.258721,"WGS84",45.1,200.7,0.2,"5 - capture","ShermanLF","2016-07-01","2016-07-01","NEON.MAM.D01.L2643",,"TAST","Tamias striatus","species",,,"N","F","N","released","RIGHT","adult",,"nonenlarged","not","neither",30,,,,82,"N","N","N",,,,,,,"HARV.20160701.L2643.E",,,,,,,"auccello@field-ops.org","thillman@neoninc.org",,
"552e6b92-0774-48e0-8c25-9d70943b6949","F0DC3EBA21774A65B89CFA6A62E37C3B","HARV_001.mammalGrid.mam","D01","HARV","HARV_001","B7","distributed","deciduousForest",42.422943,-72.258721,"WGS84",45.1,200.7,0.2,"6 - trap set and empty","ShermanLF","2016-07-01","2016-07-01",,,,,,,,,,,,,,,,,,,,,,,,,,,,,,,,,,,,,,,"auccello@field-ops.org","thillman@neoninc.org",,
"13ea01cc-2a1f-4c98-a20b-d3a41a47f4f9","F0DC3EBA21774A65B89CFA6A62E37C3B","HARV_001.mammalGrid.mam","D01","HARV","HARV_001","E4","distributed","deciduousForest",42.422943,-72.258721,"WGS84",45.1,200.7,0.2,"6 - trap set and empty","ShermanLF","2016-07-01","2016-07-01",,,,,,,,,,,,,,,,,,,,,,,,,,,,,,,,,,,,,,,"auccello@field-ops.org","thillman@neoninc.org",,
"d148a05d-ad27-4ba5-9cb4-102c8d3101d3","F0DC3EBA21774A65B89CFA6A62E37C3B","HARV_001.mammalGrid.mam","D01","HARV","HARV_001","J1","distributed","deciduousForest",42.422943,-72.258721,"WGS84",45.1,200.7,0.2,"3 - trap door open or closed w/ spoor left","ShermanLF","2016-07-01","2016-07-01",,,,,,,,,,,,,,,,,,,,,,,,,,,,,,,,,,,,,,,"auccello@field-ops.org","thillman@neoninc.org",,
"fb7c2bf0-e712-43b3-a8a3-c0c67589d381","F0DC3EBA21774A65B89CFA6A62E37C3B","HARV_001.mammalGrid.mam","D01","HARV","HARV_001","J4","distributed","deciduousForest",42.422943,-72.258721,"WGS84",45.1,200.7,0.2,"6 - trap set and empty","ShermanLF","2016-07-01","2016-07-01",,,,,,,,,,,,,,,,,,,,,,,,,,,,,,,,,,,,,,,"auccello@field-ops.org","thillman@neoninc.org",,
"75ac7414-651b-48ec-830f-e0448e1e0af8","F0DC3EBA21774A65B89CFA6A62E37C3B","HARV_001.mammalGrid.mam","D01","HARV","HARV_001","D10","distributed","deciduousForest",42.422943,-72.258721,"WGS84",45.1,200.7,0.2,"5 - capture","ShermanLF","2016-07-01","2016-07-01","NEON.MAM.D01.R2989",,"PEMA","Peromyscus maniculatus","species","cf. species",,"N","M","N","released",,"adult","nonscrotal",,,,19,14,91,,17,"N","N","N",,,,"HARV.20160701.R2989.F",,"fresh","HARV.20160701.R2989.E",,"HARV.20160701.R2989.H",,"hairAndWhisker",,,"auccello@field-ops.org","thillman@neoninc.org",,
"f9f855e9-c89c-478c-a9ed-99cdbc4803f0","F0DC3EBA21774A65B89CFA6A62E37C3B","HARV_001.mammalGrid.mam","D01","HARV","HARV_001","G2","distributed","deciduousForest",42.422943,-72.258721,"WGS84",45.1,200.7,0.2,"5 - capture","ShermanLF","2016-07-01","2016-07-01","NEON.MAM.D01.R2680",,"PEMA","Peromyscus maniculatus","species","cf. species",,"N","M","N","released",,"adult","nonscrotal",,,,20,15,82,,18,"N","N","N",,,,"HARV.20160701.R2680.F",,"fresh","HARV.20160701.R2680.E",,"HARV.20160701.R2680.H",,"hairAndWhisker",,,"auccello@field-ops.org","thillman@neoninc.org",,
"a2447c05-5255-440d-82dc-981a8d0f61f3","F0DC3EBA21774A65B89CFA6A62E37C3B","HARV_001.mammalGrid.mam","D01","HARV","HARV_001","J6","distributed","deciduousForest",42.422943,-72.258721,"WGS84",45.1,200.7,0.2,"5 - capture","ShermanLF","2016-07-01","2016-07-01","NEON.MAM.D01.R0813",,"PEMA","Peromyscus maniculatus","species","cf. species",,"N","M","Y","released",,"adult","nonscrotal",,,,21,15,85,,28,"N","N","N",,,,"HARV.20160701.R0813.F",,"fresh",,,"HARV.20160701.R0813.H",,"hairAndWhisker",,,"auccello@field-ops.org","thillman@neoninc.org",,
"1728f549-8711-4d23-95f4-744ae705b4b1","F0DC3EBA21774A65B89CFA6A62E37C3B","HARV_001.mammalGrid.mam","D01","HARV","HARV_001","H10","distributed","deciduousForest",42.422943,-72.258721,"WGS84",45.1,200.7,0.2,"3 - trap door open or closed w/ spoor left","ShermanLF","2016-07-01","2016-07-01",,,,,,,,,,,,,,,,,,,,,,,,,,,,,,,,,,,,,,,"auccello@field-ops.org","thillman@neoninc.org",,
"48b4830e-a5d7-41f0-a638-24adce51235a","F0DC3EBA21774A65B89CFA6A62E37C3B","HARV_001.mammalGrid.mam","D01","HARV","HARV_001","I6","distributed","deciduousForest",42.422943,-72.258721,"WGS84",45.1,200.7,0.2,"3 - trap door open or closed w/ spoor left","ShermanLF","2016-07-01","2016-07-01",,,,,,,,,,,,,,,,,,,,,,,,,,,,,,,,,,,,,,,"auccello@field-ops.org","thillman@neoninc.org",,
"72d57c63-970f-4993-bf5b-ab809bd61f1b","F0DC3EBA21774A65B89CFA6A62E37C3B","HARV_001.mammalGrid.mam","D01","HARV","HARV_001","H3","distributed","deciduousForest",42.422943,-72.258721,"WGS84",45.1,200.7,0.2,"5 - capture","ShermanLF","2016-07-01","2016-07-01","NEON.MAM.D01.R2645",,"PEMA","Peromyscus maniculatus","species","cf. species",,"N","F","N","released",,"adult",,"nonenlarged","not","neither",20,15,74,,18,"N","N","N",,,,"HARV.20160701.R2645.F",,"fresh","HARV.20160701.R2645.E",,"HARV.20160701.R2645.H",,"hairAndWhisker",,,"auccello@field-ops.org","thillman@neoninc.org",,
"81d2c396-76c8-43c4-8179-fe464bf22ec8","F0DC3EBA21774A65B89CFA6A62E37C3B","HARV_001.mammalGrid.mam","D01","HARV","HARV_001","B10","distributed","deciduousForest",42.422943,-72.258721,"WGS84",45.1,200.7,0.2,"3 - trap door open or closed w/ spoor left","ShermanLF","2016-07-01","2016-07-01",,,,,,,,,,,,,,,,,,,,,,,,,,,,,,,,,,,,,,,"auccello@field-ops.org","thillman@neoninc.org",,
"b32414e1-5322-4ef9-a620-218a8006ea44","F0DC3EBA21774A65B89CFA6A62E37C3B","HARV_001.mammalGrid.mam","D01","HARV","HARV_001","B9","distributed","deciduousForest",42.422943,-72.258721,"WGS84",45.1,200.7,0.2,"6 - trap set and empty","ShermanLF","2016-07-01","2016-07-01",,,,,,,,,,,,,,,,,,,,,,,,,,,,,,,,,,,,,,,"auccello@field-ops.org","thillman@neoninc.org",,
"d6d2311c-3168-491a-89ab-1992ed28f26c","F0DC3EBA21774A65B89CFA6A62E37C3B","HARV_001.mammalGrid.mam","D01","HARV","HARV_001","F7","distributed","deciduousForest",42.422943,-72.258721,"WGS84",45.1,200.7,0.2,"6 - trap set and empty","ShermanLF","2016-07-01","2016-07-01",,,,,,,,,,,,,,,,,,,,,,,,,,,,,,,,,,,,,,,"auccello@field-ops.org","thillman@neoninc.org",,
"c78a72a6-1caa-4d56-9765-265e7d3b037d","F0DC3EBA21774A65B89CFA6A62E37C3B","HARV_001.mammalGrid.mam","D01","HARV","HARV_001","B5","distributed","deciduousForest",42.422943,-72.258721,"WGS84",45.1,200.7,0.2,"6 - trap set and empty","ShermanLF","2016-07-01","2016-07-01",,,,,,,,,,,,,,,,,,,,,,,,,,,,,,,,,,,,,,,"auccello@field-ops.org","thillman@neoninc.org",,
"38ed6f1a-f7ad-4aab-b54d-e8b21045ec72","F0DC3EBA21774A65B89CFA6A62E37C3B","HARV_001.mammalGrid.mam","D01","HARV","HARV_001","C2","distributed","deciduousForest",42.422943,-72.258721,"WGS84",45.1,200.7,0.2,"6 - trap set and empty","ShermanLF","2016-07-01","2016-07-01",,,,,,,,,,,,,,,,,,,,,,,,,,,,,,,,,,,,,,,"auccello@field-ops.org","thillman@neoninc.org",,
"da8c033d-dfd7-40d5-a771-2cf94b2a4ce8","A97D53B209B646E29DC48BE8B54265A4","HARV_010.mammalGrid.mam","D01","HARV","HARV_010","A10","distributed","mixedForest",42.424891,-72.256376,"WGS84",45.1,196.7,0.2,"6 - trap set and empty","ShermanLF","2016-07-01","2016-07-01",,,,,,,,,,,,,,,,,,,,,,,,,,,,,,,,,,,,,,,"eeimers@field-ops.org","swilson@field-ops.org",,
"84477f9c-51a4-4e1c-85e1-1561473454b3","A97D53B209B646E29DC48BE8B54265A4","HARV_010.mammalGrid.mam","D01","HARV","HARV_010","F2","distributed","mixedForest",42.424891,-72.256376,"WGS84",45.1,196.7,0.2,"5 - capture","ShermanLF","2016-07-01","2016-07-01","NEON.MAM.D01.L2311",,"PELE","Peromyscus leucopus","species","cf. species",,"N","F","Y","released",,"adult",,"nonenlarged","not","neither",19,14,90,,27,"N","N","N",,,,"HARV.20160701.L2311.F",,"fresh","HARV.20160701.L2311.E",,"HARV.20160701.L2311.H",,"hairAndWhisker",,,"eeimers@field-ops.org","swilson@field-ops.org",,
"c5c357a6-ab7a-4689-9f62-f3dbb650b0f2","A97D53B209B646E29DC48BE8B54265A4","HARV_010.mammalGrid.mam","D01","HARV","HARV_010","J5","distributed","mixedForest",42.424891,-72.256376,"WGS84",45.1,196.7,0.2,"6 - trap set and empty","ShermanLF","2016-07-01","2016-07-01",,,,,,,,,,,,,,,,,,,,,,,,,,,,,,,,,,,,,,,"eeimers@field-ops.org","swilson@field-ops.org",,
"960593f4-25b8-47f5-a798-421c26fb922a","A97D53B209B646E29DC48BE8B54265A4","HARV_010.mammalGrid.mam","D01","HARV","HARV_010","H10","distributed","mixedForest",42.424891,-72.256376,"WGS84",45.1,196.7,0.2,"6 - trap set and empty","ShermanLF","2016-07-01","2016-07-01",,,,,,,,,,,,,,,,,,,,,,,,,,,,,,,,,,,,,,,"eeimers@field-ops.org","swilson@field-ops.org",,
"ca0b9258-b314-4193-97e6-6147f561b8df","A97D53B209B646E29DC48BE8B54265A4","HARV_010.mammalGrid.mam","D01","HARV","HARV_010","H5","distributed","mixedForest",42.424891,-72.256376,"WGS84",45.1,196.7,0.2,"6 - trap set and empty","ShermanLF","2016-07-01","2016-07-01",,,,,,,,,,,,,,,,,,,,,,,,,,,,,,,,,,,,,,,"eeimers@field-ops.org","swilson@field-ops.org",,
"78d02db0-d855-4074-bf2e-0bec1c51d1de","A97D53B209B646E29DC48BE8B54265A4","HARV_010.mammalGrid.mam","D01","HARV","HARV_010","E6","distributed","mixedForest",42.424891,-72.256376,"WGS84",45.1,196.7,0.2,"6 - trap set and empty","ShermanLF","2016-07-01","2016-07-01",,,,,,,,,,,,,,,,,,,,,,,,,,,,,,,,,,,,,,,"eeimers@field-ops.org","swilson@field-ops.org",,
"06907d22-73bd-4eed-8f8f-b08ed88826f7","A97D53B209B646E29DC48BE8B54265A4","HARV_010.mammalGrid.mam","D01","HARV","HARV_010","J1","distributed","mixedForest",42.424891,-72.256376,"WGS84",45.1,196.7,0.2,"6 - trap set and empty","ShermanLF","2016-07-01","2016-07-01",,,,,,,,,,,,,,,,,,,,,,,,,,,,,,,,,,,,,,,"eeimers@field-ops.org","swilson@field-ops.org",,
"0136e134-3d9f-474d-b3e7-0baad9672a09","A97D53B209B646E29DC48BE8B54265A4","HARV_010.mammalGrid.mam","D01","HARV","HARV_010","H2","distributed","mixedForest",42.424891,-72.256376,"WGS84",45.1,196.7,0.2,"6 - trap set and empty","ShermanLF","2016-07-01","2016-07-01",,,,,,,,,,,,,,,,,,,,,,,,,,,,,,,,,,,,,,,"eeimers@field-ops.org","swilson@field-ops.org",,
"c9680f40-a362-4812-a426-a205a82db45a","A97D53B209B646E29DC48BE8B54265A4","HARV_010.mammalGrid.mam","D01","HARV","HARV_010","J8","distributed","mixedForest",42.424891,-72.256376,"WGS84",45.1,196.7,0.2,"6 - trap set and empty","ShermanLF","2016-07-01","2016-07-01",,,,,,,,,,,,,,,,,,,,,,,,,,,,,,,,,,,,,,,"eeimers@field-ops.org","swilson@field-ops.org",,
"f5d01bf6-88fe-46b5-bf5a-e4941bccbcd7","A97D53B209B646E29DC48BE8B54265A4","HARV_010.mammalGrid.mam","D01","HARV","HARV_010","D4","distributed","mixedForest",42.424891,-72.256376,"WGS84",45.1,196.7,0.2,"5 - capture","ShermanLF","2016-07-01","2016-07-01","NEON.MAM.D01.R2573",,"TAST","Tamias striatus","species",,,"N","F","Y","released",,"adult",,"nonenlarged","not","neither",30,,,,82,"N","N","N",,,,"HARV.20160701.R2573.F",,"fresh","HARV.20160701.R2573.E",,,,,,,"eeimers@field-ops.org","swilson@field-ops.org",,
"012e5b03-7564-4878-87fc-b5f76b2d5b63","A97D53B209B646E29DC48BE8B54265A4","HARV_010.mammalGrid.mam","D01","HARV","HARV_010","C4","distributed","mixedForest",42.424891,-72.256376,"WGS84",45.1,196.7,0.2,"6 - trap set and empty","ShermanLF","2016-07-01","2016-07-01",,,,,,,,,,,,,,,,,,,,,,,,,,,,,,,,,,,,,,,"eeimers@field-ops.org","swilson@field-ops.org",,
"5408a1a3-d095-48de-b91f-f652a2b35d17","A97D53B209B646E29DC48BE8B54265A4","HARV_010.mammalGrid.mam","D01","HARV","HARV_010","A4","distributed","mixedForest",42.424891,-72.256376,"WGS84",45.1,196.7,0.2,"5 - capture","ShermanLF","2016-07-01","2016-07-01","NEON.MAM.D01.R1449",,"PEMA","Peromyscus maniculatus","species","cf. species",,"N","M","Y","released",,"adult","nonscrotal",,,,22,16,85,,24,"Y","N","N",,,,"HARV.20160701.R1449.F",,"fresh","HARV.20160701.R1449.E",,"HARV.20160701.R1449.H",,"hairAndWhisker",,,"eeimers@field-ops.org","swilson@field-ops.org",,
"7d83e6e0-8a25-45a1-bcb1-dde6ff885dd6","A97D53B209B646E29DC48BE8B54265A4","HARV_010.mammalGrid.mam","D01","HARV","HARV_010","B2","distributed","mixedForest",42.424891,-72.256376,"WGS84",45.1,196.7,0.2,"5 - capture","ShermanLF","2016-07-01","2016-07-01","NEON.MAM.D01.R1444",,"PEMA","Peromyscus maniculatus","species","cf. species",,"N","M","Y","released",,"adult","scrotal",,,,22,15,89,,28,"N","N","N",,,,"HARV.20160701.R1444.F",,"fresh",,,"HARV.20160701.R1444.H",,"hairAndWhisker",,,"eeimers@field-ops.org","swilson@field-ops.org",,
"999ae2a8-87fe-44c7-b8d1-a7f120ae8ac2","A97D53B209B646E29DC48BE8B54265A4","HARV_010.mammalGrid.mam","D01","HARV","HARV_010","G8","distributed","mixedForest",42.424891,-72.256376,"WGS84",45.1,196.7,0.2,"3 - trap door open or closed w/ spoor left","ShermanLF","2016-07-01","2016-07-01",,,,,,,,,,,,,,,,,,,,,,,,,,,,,,,,,,,,,,,"eeimers@field-ops.org","swilson@field-ops.org",,
"d5096ede-a128-4a44-9280-c91931db29b8","A97D53B209B646E29DC48BE8B54265A4","HARV_010.mammalGrid.mam","D01","HARV","HARV_010","E2","distributed","mixedForest",42.424891,-72.256376,"WGS84",45.1,196.7,0.2,"6 - trap set and empty","ShermanLF","2016-07-01","2016-07-01",,,,,,,,,,,,,,,,,,,,,,,,,,,,,,,,,,,,,,,"eeimers@field-ops.org","swilson@field-ops.org",,
"423ab540-a283-4e7a-87cb-bbb7a956d0f0","F0DC3EBA21774A65B89CFA6A62E37C3B","HARV_001.mammalGrid.mam","D01","HARV","HARV_001","C9","distributed","deciduousForest",42.422943,-72.258721,"WGS84",45.1,200.7,0.2,"3 - trap door open or closed w/ spoor left","ShermanLF","2016-07-01","2016-07-01",,,,,,,,,,,,,,,,,,,,,,,,,,,,,,,,,,,,,,,"auccello@field-ops.org","thillman@neoninc.org",,
"3249bd8e-6cf2-4e7a-bda4-923b912c32df","F0DC3EBA21774A65B89CFA6A62E37C3B","HARV_001.mammalGrid.mam","D01","HARV","HARV_001","B2","distributed","deciduousForest",42.422943,-72.258721,"WGS84",45.1,200.7,0.2,"5 - capture","ShermanLF","2016-07-01","2016-07-01","NEON.MAM.D01.R2233",,"PEMA","Peromyscus maniculatus","species","cf. species",,"N","M","Y","released",,"adult","scrotal",,,,19,15,81,,23,"N","N","N",,,,"HARV.20160701.R2233.F",,"fresh",,,"HARV.20160701.R2233.H",,"hairAndWhisker",,,"auccello@field-ops.org","thillman@neoninc.org",,
"89b36ecd-94cf-4834-8a0e-b324303918ff","F0DC3EBA21774A65B89CFA6A62E37C3B","HARV_001.mammalGrid.mam","D01","HARV","HARV_001","A3","distributed","deciduousForest",42.422943,-72.258721,"WGS84",45.1,200.7,0.2,"6 - trap set and empty","ShermanLF","2016-07-01","2016-07-01",,,,,,,,,,,,,,,,,,,,,,,,,,,,,,,,,,,,,,,"auccello@field-ops.org","thillman@neoninc.org",,
"31760bc4-ee31-451d-941a-972226ea76ff","F0DC3EBA21774A65B89CFA6A62E37C3B","HARV_001.mammalGrid.mam","D01","HARV","HARV_001","H4","distributed","deciduousForest",42.422943,-72.258721,"WGS84",45.1,200.7,0.2,"6 - trap set and empty","ShermanLF","2016-07-01","2016-07-01",,,,,,,,,,,,,,,,,,,,,,,,,,,,,,,,,,,,,,,"auccello@field-ops.org","thillman@neoninc.org",,
"c2fdebab-1711-4ef6-b979-c2e4c170f642","F0DC3EBA21774A65B89CFA6A62E37C3B","HARV_001.mammalGrid.mam","D01","HARV","HARV_001","E2","distributed","deciduousForest",42.422943,-72.258721,"WGS84",45.1,200.7,0.2,"5 - capture","ShermanLF","2016-07-01","2016-07-01","NEON.MAM.D01.R0801",,"PEMA","Peromyscus maniculatus","species","cf. species",,"N","F","Y","released",,"adult",,"nonenlarged","not","neither",20,15,82,,25,"N","N","N",,,,"HARV.20160701.R0801.F",,"fresh","HARV.20160701.R0801.E",,"HARV.20160701.R0801.H",,"hairAndWhisker",,,"auccello@field-ops.org","thillman@neoninc.org",,
"8ecd28a1-eba5-4b71-9721-10e53c0ba683","F0DC3EBA21774A65B89CFA6A62E37C3B","HARV_001.mammalGrid.mam","D01","HARV","HARV_001","I5","distributed","deciduousForest",42.422943,-72.258721,"WGS84",45.1,200.7,0.2,"5 - capture","ShermanLF","2016-07-01","2016-07-01","NEON.MAM.D01.R2292",,"PELE","Peromyscus leucopus","species","cf. species",,"N","F","Y","released",,"adult",,"enlarged","not","swollen",21,15,95,,28,"N","N","N",,,,"HARV.20160701.R2292.F",,"fresh",,,"HARV.20160701.R2292.H",,"hairAndWhisker",,,"auccello@field-ops.org","thillman@neoninc.org",,
"53539e24-b590-4963-b90c-55f0f63cb0cd","F0DC3EBA21774A65B89CFA6A62E37C3B","HARV_001.mammalGrid.mam","D01","HARV","HARV_001","G8","distributed","deciduousForest",42.422943,-72.258721,"WGS84",45.1,200.7,0.2,"6 - trap set and empty","ShermanLF","2016-07-01","2016-07-01",,,,,,,,,,,,,,,,,,,,,,,,,,,,,,,,,,,,,,,"auccello@field-ops.org","thillman@neoninc.org",,
"596261c1-073e-4bea-aab0-d8f6cdcfa46c","F0DC3EBA21774A65B89CFA6A62E37C3B","HARV_001.mammalGrid.mam","D01","HARV","HARV_001","D8","distributed","deciduousForest",42.422943,-72.258721,"WGS84",45.1,200.7,0.2,"5 - capture","ShermanLF","2016-07-01","2016-07-01","NEON.MAM.D01.R2441",,"PEMA","Peromyscus maniculatus","species","cf. species",,"N","M","Y","released",,"adult","scrotal",,,,20,14,82,,27,"N","N","N",,,,"HARV.20160701.R2441.F",,"fresh","HARV.20160701.R2441.E",,"HARV.20160701.R2441.H",,"hairAndWhisker",,,"auccello@field-ops.org","thillman@neoninc.org",,
"f40b9452-cb00-4a24-974c-c6ce8443e853","F0DC3EBA21774A65B89CFA6A62E37C3B","HARV_001.mammalGrid.mam","D01","HARV","HARV_001","A5","distributed","deciduousForest",42.422943,-72.258721,"WGS84",45.1,200.7,0.2,"6 - trap set and empty","ShermanLF","2016-07-01","2016-07-01",,,,,,,,,,,,,,,,,,,,,,,,,,,,,,,,,,,,,,,"auccello@field-ops.org","thillman@neoninc.org",,
"1c2aa36c-a4a3-43f5-b5b1-8367d105b789","F0DC3EBA21774A65B89CFA6A62E37C3B","HARV_001.mammalGrid.mam","D01","HARV","HARV_001","D1","distributed","deciduousForest",42.422943,-72.258721,"WGS84",45.1,200.7,0.2,"6 - trap set and empty","ShermanLF","2016-07-01","2016-07-01",,,,,,,,,,,,,,,,,,,,,,,,,,,,,,,,,,,,,,,"auccello@field-ops.org","thillman@neoninc.org",,
"fe7ea7e5-74eb-4e52-ae52-64c75a421671","F0DC3EBA21774A65B89CFA6A62E37C3B","HARV_001.mammalGrid.mam","D01","HARV","HARV_001","E10","distributed","deciduousForest",42.422943,-72.258721,"WGS84",45.1,200.7,0.2,"6 - trap set and empty","ShermanLF","2016-07-01","2016-07-01",,,,,,,,,,,,,,,,,,,,,,,,,,,,,,,,,,,,,,,"auccello@field-ops.org","thillman@neoninc.org",,
"c03a404e-3aa7-445f-bc4b-c88fc71e783d","F0DC3EBA21774A65B89CFA6A62E37C3B","HARV_001.mammalGrid.mam","D01","HARV","HARV_001","D6","distributed","deciduousForest",42.422943,-72.258721,"WGS84",45.1,200.7,0.2,"2 - trap disturbed/door closed but empty","ShermanLF","2016-07-01","2016-07-01",,,,,,,,,,,,,,,,,,,,,,,,,,,,,,,,,,,,,,,"auccello@field-ops.org","thillman@neoninc.org",,
"ce289010-fdf5-41ae-a5d1-4ba8a81935d4","F0DC3EBA21774A65B89CFA6A62E37C3B","HARV_001.mammalGrid.mam","D01","HARV","HARV_001","A10","distributed","deciduousForest",42.422943,-72.258721,"WGS84",45.1,200.7,0.2,"5 - capture","ShermanLF","2016-07-01","2016-07-01","NEON.MAM.D01.R1441",,"PEMA","Peromyscus maniculatus","species","cf. species",,"N","M","Y","released",,"adult","nonscrotal",,,,20,15,90,,25,"N","N","N",,,,"HARV.20160701.R1441.F",,"fresh","HARV.20160701.R1441.E",,"HARV.20160701.R1441.H",,"hairAndWhisker",,,"auccello@field-ops.org","thillman@neoninc.org",,
"4f6320ec-1a35-48e0-be8c-38aa0d653297","F0DC3EBA21774A65B89CFA6A62E37C3B","HARV_001.mammalGrid.mam","D01","HARV","HARV_001","F3","distributed","deciduousForest",42.422943,-72.258721,"WGS84",45.1,200.7,0.2,"5 - capture","ShermanLF","2016-07-01","2016-07-01","NEON.MAM.D01.R2648",,"PEMA","Peromyscus maniculatus","species","cf. species",,"N","F","N","released",,"subadult",,"nonenlarged","not","neither",20,14,72,,14,"N","N","N",,,,"HARV.20160701.R2648.F",,"fresh","HARV.20160701.R2648.E",,"HARV.20160701.R2648.H",,"hairAndWhisker",,,"auccello@field-ops.org","thillman@neoninc.org",,
"3f43abc3-3ab1-4366-9328-56ab7f1e149f","F0DC3EBA21774A65B89CFA6A62E37C3B","HARV_001.mammalGrid.mam","D01","HARV","HARV_001","E5","distributed","deciduousForest",42.422943,-72.258721,"WGS84",45.1,200.7,0.2,"6 - trap set and empty","ShermanLF","2016-07-01","2016-07-01",,,,,,,,,,,,,,,,,,,,,,,,,,,,,,,,,,,,,,,"auccello@field-ops.org","thillman@neoninc.org",,
"76ea43bc-ed0f-436d-8969-a7a4357a7cfd","F0DC3EBA21774A65B89CFA6A62E37C3B","HARV_001.mammalGrid.mam","D01","HARV","HARV_001","G1","distributed","deciduousForest",42.422943,-72.258721,"WGS84",45.1,200.7,0.2,"3 - trap door open or closed w/ spoor left","ShermanLF","2016-07-01","2016-07-01",,,,,,,,,,,,,,,,,,,,,,,,,,,,,,,,,,,,,,,"auccello@field-ops.org","thillman@neoninc.org",,
"7f12da8f-8b85-405f-b3be-1c5bbdbb85c3","F0DC3EBA21774A65B89CFA6A62E37C3B","HARV_001.mammalGrid.mam","D01","HARV","HARV_001","E9","distributed","deciduousForest",42.422943,-72.258721,"WGS84",45.1,200.7,0.2,"6 - trap set and empty","ShermanLF","2016-07-01","2016-07-01",,,,,,,,,,,,,,,,,,,,,,,,,,,,,,,,,,,,,,,"auccello@field-ops.org","thillman@neoninc.org",,
"67a6bf03-08a2-44b7-a50d-31bbde3fc7c6","F0DC3EBA21774A65B89CFA6A62E37C3B","HARV_001.mammalGrid.mam","D01","HARV","HARV_001","A1","distributed","deciduousForest",42.422943,-72.258721,"WGS84",45.1,200.7,0.2,"5 - capture","ShermanLF","2016-07-01","2016-07-01","NEON.MAM.D01.R2982",,"PELE","Peromyscus leucopus","species","cf. species",,"N","M","N","released",,"adult","nonscrotal",,,,21,15,72,,16,"N","Y","N",,,,"HARV.20160701.R2982.F",,"fresh","HARV.20160701.R2982.E",,"HARV.20160701.R2982.H",,"hairAndWhisker",,,"auccello@field-ops.org","thillman@neoninc.org",,
"ef5e97a1-860d-4dff-a905-b16a22c2673f","F0DC3EBA21774A65B89CFA6A62E37C3B","HARV_001.mammalGrid.mam","D01","HARV","HARV_001","F2","distributed","deciduousForest",42.422943,-72.258721,"WGS84",45.1,200.7,0.2,"6 - trap set and empty","ShermanLF","2016-07-01","2016-07-01",,,,,,,,,,,,,,,,,,,,,,,,,,,,,,,,,,,,,,,"auccello@field-ops.org","thillman@neoninc.org",,
"4a7f2615-36b9-4928-97a2-e5e239efa308","F0DC3EBA21774A65B89CFA6A62E37C3B","HARV_001.mammalGrid.mam","D01","HARV","HARV_001","G5","distributed","deciduousForest",42.422943,-72.258721,"WGS84",45.1,200.7,0.2,"5 - capture","ShermanLF","2016-07-01","2016-07-01","NEON.MAM.D01.R2677",,"PELE","Peromyscus leucopus","species","cf. species",,"N","F","N","released",,"subadult",,"nonenlarged","not","neither",20,15,72,,15,"N","N","N",,,,"HARV.20160701.R2677.F",,"fresh","HARV.20160701.R2677.E",,"HARV.20160701.R2677.H",,"hairAndWhisker",,,"auccello@field-ops.org","thillman@neoninc.org",,
"64d30aa0-560a-4cd4-b24f-8fff59b115c1","F0DC3EBA21774A65B89CFA6A62E37C3B","HARV_001.mammalGrid.mam","D01","HARV","HARV_001","C8","distributed","deciduousForest",42.422943,-72.258721,"WGS84",45.1,200.7,0.2,"6 - trap set and empty","ShermanLF","2016-07-01","2016-07-01",,,,,,,,,,,,,,,,,,,,,,,,,,,,,,,,,,,,,,,"auccello@field-ops.org","thillman@neoninc.org",,
"8e370f8b-b91a-4611-a111-5471966d43f7","F0DC3EBA21774A65B89CFA6A62E37C3B","HARV_001.mammalGrid.mam","D01","HARV","HARV_001","E6","distributed","deciduousForest",42.422943,-72.258721,"WGS84",45.1,200.7,0.2,"6 - trap set and empty","ShermanLF","2016-07-01","2016-07-01",,,,,,,,,,,,,,,,,,,,,,,,,,,,,,,,,,,,,,,"auccello@field-ops.org","thillman@neoninc.org",,
"b5f155bc-dbc6-412e-8dc2-4ad2d6a3dab2","F0DC3EBA21774A65B89CFA6A62E37C3B","HARV_001.mammalGrid.mam","D01","HARV","HARV_001","J3","distributed","deciduousForest",42.422943,-72.258721,"WGS84",45.1,200.7,0.2,"6 - trap set and empty","ShermanLF","2016-07-01","2016-07-01",,,,,,,,,,,,,,,,,,,,,,,,,,,,,,,,,,,,,,,"auccello@field-ops.org","thillman@neoninc.org",,
"3eb0b0ea-c4d1-43c9-bf1c-e334a4489f95","F0DC3EBA21774A65B89CFA6A62E37C3B","HARV_001.mammalGrid.mam","D01","HARV","HARV_001","D9","distributed","deciduousForest",42.422943,-72.258721,"WGS84",45.1,200.7,0.2,"5 - capture","ShermanLF","2016-07-01","2016-07-01","NEON.MAM.D01.R2349",,"PELE","Peromyscus leucopus","species","cf. species",,"N","F","Y","released",,"adult",,"enlarged","not","neither",19,15,78,,21,"N","N","N",,,,"HARV.20160701.R2349.F",,"fresh","HARV.20160701.R2349.E",,"HARV.20160701.R2349.H",,"hairAndWhisker",,,"auccello@field-ops.org","thillman@neoninc.org",,
"a0278d9d-203a-47ae-859a-0f905570242a","F0DC3EBA21774A65B89CFA6A62E37C3B","HARV_001.mammalGrid.mam","D01","HARV","HARV_001","B6","distributed","deciduousForest",42.422943,-72.258721,"WGS84",45.1,200.7,0.2,"3 - trap door open or closed w/ spoor left","ShermanLF","2016-07-01","2016-07-01",,,,,,,,,,,,,,,,,,,,,,,,,,,,,,,,,,,,,,,"auccello@field-ops.org","thillman@neoninc.org",,
"9ee6a5cc-457b-47d8-8250-d7ac82276965","F0DC3EBA21774A65B89CFA6A62E37C3B","HARV_001.mammalGrid.mam","D01","HARV","HARV_001","D3","distributed","deciduousForest",42.422943,-72.258721,"WGS84",45.1,200.7,0.2,"6 - trap set and empty","ShermanLF","2016-07-01","2016-07-01",,,,,,,,,,,,,,,,,,,,,,,,,,,,,,,,,,,,,,,"auccello@field-ops.org","thillman@neoninc.org",,
"633d7392-20e8-4c80-83f8-998f7f73bcb1","F0DC3EBA21774A65B89CFA6A62E37C3B","HARV_001.mammalGrid.mam","D01","HARV","HARV_001","A8","distributed","deciduousForest",42.422943,-72.258721,"WGS84",45.1,200.7,0.2,"6 - trap set and empty","ShermanLF","2016-07-01","2016-07-01",,,,,,,,,,,,,,,,,,,,,,,,,,,,,,,,,,,,,,,"auccello@field-ops.org","thillman@neoninc.org",,
"765f7f6f-99ec-4e1a-ab5f-1d95693f6486","F0DC3EBA21774A65B89CFA6A62E37C3B","HARV_001.mammalGrid.mam","D01","HARV","HARV_001","J9","distributed","deciduousForest",42.422943,-72.258721,"WGS84",45.1,200.7,0.2,"3 - trap door open or closed w/ spoor left","ShermanLF","2016-07-01","2016-07-01",,,,,,,,,,,,,,,,,,,,,,,,,,,,,,,,,,,,,,,"auccello@field-ops.org","thillman@neoninc.org",,
"9f33268b-b074-403b-83ec-98d5bc028021","F0DC3EBA21774A65B89CFA6A62E37C3B","HARV_001.mammalGrid.mam","D01","HARV","HARV_001","I2","distributed","deciduousForest",42.422943,-72.258721,"WGS84",45.1,200.7,0.2,"5 - capture","ShermanLF","2016-07-01","2016-07-01","NEON.MAM.D01.R2976",,"PEMA","Peromyscus maniculatus","species","cf. species",,"N","M","N","released",,"adult","scrotal",,,,20,16,81,,20,"N","N","N",,,,"HARV.20160701.R2976.F",,"fresh","HARV.20160701.R2976.E",,"HARV.20160701.R2976.H",,"hairAndWhisker",,,"auccello@field-ops.org","thillman@neoninc.org",,
"0f9a30e6-cafd-4804-9e73-5ecbf6d52b05","F0DC3EBA21774A65B89CFA6A62E37C3B","HARV_001.mammalGrid.mam","D01","HARV","HARV_001","I7","distributed","deciduousForest",42.422943,-72.258721,"WGS84",45.1,200.7,0.2,"5 - capture","ShermanLF","2016-07-01","2016-07-01","NEON.MAM.D01.R2238",,"PEMA","Peromyscus maniculatus","species","cf. species",,"N","M","Y","released",,"adult","nonscrotal",,,,20,16,87,,24,"N","N","N",,,,"HARV.20160701.R2238.F",,"fresh",,,"HARV.20160701.R2238.H",,"hairAndWhisker",,,"auccello@field-ops.org","thillman@neoninc.org",,
"ec9cc115-b04d-445c-bd10-cdfaf225481a","F0DC3EBA21774A65B89CFA6A62E37C3B","HARV_001.mammalGrid.mam","D01","HARV","HARV_001","B8","distributed","deciduousForest",42.422943,-72.258721,"WGS84",45.1,200.7,0.2,"6 - trap set and empty","ShermanLF","2016-07-01","2016-07-01",,,,,,,,,,,,,,,,,,,,,,,,,,,,,,,,,,,,,,,"auccello@field-ops.org","thillman@neoninc.org",,
"9f2abf77-a477-4fea-a23e-e178eb2838f0","F0DC3EBA21774A65B89CFA6A62E37C3B","HARV_001.mammalGrid.mam","D01","HARV","HARV_001","J5","distributed","deciduousForest",42.422943,-72.258721,"WGS84",45.1,200.7,0.2,"3 - trap door open or closed w/ spoor left","ShermanLF","2016-07-01","2016-07-01",,,,,,,,,,,,,,,,,,,,,,,,,,,,,,,,,,,,,,,"auccello@field-ops.org","thillman@neoninc.org",,
"5ea06f5c-90a7-4529-b039-47612974a6b0","F0DC3EBA21774A65B89CFA6A62E37C3B","HARV_001.mammalGrid.mam","D01","HARV","HARV_001","C3","distributed","deciduousForest",42.422943,-72.258721,"WGS84",45.1,200.7,0.2,"6 - trap set and empty","ShermanLF","2016-07-01","2016-07-01",,,,,,,,,,,,,,,,,,,,,,,,,,,,,,,,,,,,,,,"auccello@field-ops.org","thillman@neoninc.org",,
"d616df67-93c2-49f1-a53f-3f0cb28f8b16","F0DC3EBA21774A65B89CFA6A62E37C3B","HARV_001.mammalGrid.mam","D01","HARV","HARV_001","G3","distributed","deciduousForest",42.422943,-72.258721,"WGS84",45.1,200.7,0.2,"6 - trap set and empty","ShermanLF","2016-07-01","2016-07-01",,,,,,,,,,,,,,,,,,,,,,,,,,,,,,,,,,,,,,,"auccello@field-ops.org","thillman@neoninc.org",,
"ec72eba9-7db6-417a-b585-95cf299e1443","F0DC3EBA21774A65B89CFA6A62E37C3B","HARV_001.mammalGrid.mam","D01","HARV","HARV_001","J7","distributed","deciduousForest",42.422943,-72.258721,"WGS84",45.1,200.7,0.2,"5 - capture","ShermanLF","2016-07-01","2016-07-01","NEON.MAM.D01.R2984",,"PEMA","Peromyscus maniculatus","species","cf. species",,"N","F","N","released",,"adult",,"nonenlarged","not","neither",20,15,79,,18,"N","N","N",,,,"HARV.20160701.R2984.F",,"fresh","HARV.20160701.R2984.E",,"HARV.20160701.R2984.H",,"hairAndWhisker",,,"auccello@field-ops.org","thillman@neoninc.org",,
"56a1b91e-ab39-46c0-b995-08d527238e1f","F0DC3EBA21774A65B89CFA6A62E37C3B","HARV_001.mammalGrid.mam","D01","HARV","HARV_001","F5","distributed","deciduousForest",42.422943,-72.258721,"WGS84",45.1,200.7,0.2,"6 - trap set and empty","ShermanLF","2016-07-01","2016-07-01",,,,,,,,,,,,,,,,,,,,,,,,,,,,,,,,,,,,,,,"auccello@field-ops.org","thillman@neoninc.org",,
"6cc581f6-e09f-48bd-ac51-ce2382658344","F0DC3EBA21774A65B89CFA6A62E37C3B","HARV_001.mammalGrid.mam","D01","HARV","HARV_001","E1","distributed","deciduousForest",42.422943,-72.258721,"WGS84",45.1,200.7,0.2,"5 - capture","ShermanLF","2016-07-01","2016-07-01","NEON.MAM.D01.R2326",,"PEMA","Peromyscus maniculatus","species","cf. species",,"N","F","Y","released",,"adult",,"nonenlarged","not","neither",20,15,89,,26,"N","N","N",,,,"HARV.20160701.R2326.F",,"fresh","HARV.20160701.R2326.E",,"HARV.20160701.R2326.H",,"hairAndWhisker",,,"auccello@field-ops.org","thillman@neoninc.org",,
"f23ce262-2187-4e8f-b18e-2fd62c8b7198","F0DC3EBA21774A65B89CFA6A62E37C3B","HARV_001.mammalGrid.mam","D01","HARV","HARV_001","F9","distributed","deciduousForest",42.422943,-72.258721,"WGS84",45.1,200.7,0.2,"6 - trap set and empty","ShermanLF","2016-07-01","2016-07-01",,,,,,,,,,,,,,,,,,,,,,,,,,,,,,,,,,,,,,,"auccello@field-ops.org","thillman@neoninc.org",,
"0057ae95-19d1-4a5f-9707-6ec7c4c35e69","F0DC3EBA21774A65B89CFA6A62E37C3B","HARV_001.mammalGrid.mam","D01","HARV","HARV_001","F8","distributed","deciduousForest",42.422943,-72.258721,"WGS84",45.1,200.7,0.2,"6 - trap set and empty","ShermanLF","2016-07-01","2016-07-01",,,,,,,,,,,,,,,,,,,,,,,,,,,,,,,,,,,,,,,"auccello@field-ops.org","thillman@neoninc.org",,
"d09fdff7-eecf-494f-afa0-1265fb70215a","F0DC3EBA21774A65B89CFA6A62E37C3B","HARV_001.mammalGrid.mam","D01","HARV","HARV_001","H5","distributed","deciduousForest",42.422943,-72.258721,"WGS84",45.1,200.7,0.2,"6 - trap set and empty","ShermanLF","2016-07-01","2016-07-01",,,,,,,,,,,,,,,,,,,,,,,,,,,,,,,,,,,,,,,"auccello@field-ops.org","thillman@neoninc.org",,
"0b07113d-caa9-4d1b-a806-be0155cda9ac","F0DC3EBA21774A65B89CFA6A62E37C3B","HARV_001.mammalGrid.mam","D01","HARV","HARV_001","G4","distributed","deciduousForest",42.422943,-72.258721,"WGS84",45.1,200.7,0.2,"5 - capture","ShermanLF","2016-07-01","2016-07-01","NEON.MAM.D01.R2641",,"PEMA","Peromyscus maniculatus","species","cf. species",,"N","M","N","released",,"adult","nonscrotal",,,,21,15,83,,20,"N","N","N",,,,"HARV.20160701.R2641.F",,"fresh","HARV.20160701.R2641.E",,"HARV.20160701.R2641.H",,"hairAndWhisker",,,"auccello@field-ops.org","thillman@neoninc.org",,
"63ae1b43-3a52-4db6-b042-9f291e9e14c1","F0DC3EBA21774A65B89CFA6A62E37C3B","HARV_001.mammalGrid.mam","D01","HARV","HARV_001","E7","distributed","deciduousForest",42.422943,-72.258721,"WGS84",45.1,200.7,0.2,"5 - capture","ShermanLF","2016-07-01","2016-07-01","NEON.MAM.D01.R1579",,"PELE","Peromyscus leucopus","species","cf. species",,"N","M","Y","released",,"adult","scrotal",,,,20,15,89,,25,"N","N","N",,,,"HARV.20160701.R1579.F",,"fresh","HARV.20160701.R1579.E",,"HARV.20160701.R1579.H",,"hairAndWhisker",,,"auccello@field-ops.org","thillman@neoninc.org",,
"122fdd4a-2201-458a-b35c-b1be76c50596","F0DC3EBA21774A65B89CFA6A62E37C3B","HARV_001.mammalGrid.mam","D01","HARV","HARV_001","J2","distributed","deciduousForest",42.422943,-72.258721,"WGS84",45.1,200.7,0.2,"3 - trap door open or closed w/ spoor left","ShermanLF","2016-07-01","2016-07-01",,,,,,,,,,,,,,,,,,,,,,,,,,,,,,,,,,,,,,,"auccello@field-ops.org","thillman@neoninc.org",,
"6977d0d2-9e1b-4597-9287-161a01fc606a","F0DC3EBA21774A65B89CFA6A62E37C3B","HARV_001.mammalGrid.mam","D01","HARV","HARV_001","C5","distributed","deciduousForest",42.422943,-72.258721,"WGS84",45.1,200.7,0.2,"6 - trap set and empty","ShermanLF","2016-07-01","2016-07-01",,,,,,,,,,,,,,,,,,,,,,,,,,,,,,,,,,,,,,,"auccello@field-ops.org","thillman@neoninc.org",,
"18306f31-e363-44ed-9dff-d2e5661afb0e","F0DC3EBA21774A65B89CFA6A62E37C3B","HARV_001.mammalGrid.mam","D01","HARV","HARV_001","G7","distributed","deciduousForest",42.422943,-72.258721,"WGS84",45.1,200.7,0.2,"6 - trap set and empty","ShermanLF","2016-07-01","2016-07-01",,,,,,,,,,,,,,,,,,,,,,,,,,,,,,,,,,,,,,,"auccello@field-ops.org","thillman@neoninc.org",,
"4287a9f8-5f3b-4fc5-9f79-731a0067f64e","F0DC3EBA21774A65B89CFA6A62E37C3B","HARV_001.mammalGrid.mam","D01","HARV","HARV_001","F6","distributed","deciduousForest",42.422943,-72.258721,"WGS84",45.1,200.7,0.2,"6 - trap set and empty","ShermanLF","2016-07-01","2016-07-01",,,,,,,,,,,,,,,,,,,,,,,,,,,,,,,,,,,,,,,"auccello@field-ops.org","thillman@neoninc.org",,
"a84f02d8-ab0e-4958-a4dc-14fac65853d3","F0DC3EBA21774A65B89CFA6A62E37C3B","HARV_001.mammalGrid.mam","D01","HARV","HARV_001","I1","distributed","deciduousForest",42.422943,-72.258721,"WGS84",45.1,200.7,0.2,"5 - capture","ShermanLF","2016-07-01","2016-07-01","NEON.MAM.D01.R0877",,"PELE","Peromyscus leucopus","species","cf. species",,"N","F","Y","released",,"adult",,"nonenlarged","not","neither",20,15,88,,21,"N","N","N",,,,"HARV.20160701.R0877.F",,"fresh",,,"HARV.20160701.R0877.H",,"hairAndWhisker",,,"auccello@field-ops.org","thillman@neoninc.org",,
"e1b13b14-236e-4ee4-ae17-9f442f8cc5b3","F0DC3EBA21774A65B89CFA6A62E37C3B","HARV_001.mammalGrid.mam","D01","HARV","HARV_001","A9","distributed","deciduousForest",42.422943,-72.258721,"WGS84",45.1,200.7,0.2,"6 - trap set and empty","ShermanLF","2016-07-01","2016-07-01",,,,,,,,,,,,,,,,,,,,,,,,,,,,,,,,,,,,,,,"auccello@field-ops.org","thillman@neoninc.org",,
"7cdaa8ab-ecea-436d-9374-7852a28c42e7","F0DC3EBA21774A65B89CFA6A62E37C3B","HARV_001.mammalGrid.mam","D01","HARV","HARV_001","J8","distributed","deciduousForest",42.422943,-72.258721,"WGS84",45.1,200.7,0.2,"3 - trap door open or closed w/ spoor left","ShermanLF","2016-07-01","2016-07-01",,,,,,,,,,,,,,,,,,,,,,,,,,,,,,,,,,,,,,,"auccello@field-ops.org","thillman@neoninc.org",,
"548dda83-b325-4228-b0a3-dde3b332beba","F0DC3EBA21774A65B89CFA6A62E37C3B","HARV_001.mammalGrid.mam","D01","HARV","HARV_001","B3","distributed","deciduousForest",42.422943,-72.258721,"WGS84",45.1,200.7,0.2,"3 - trap door open or closed w/ spoor left","ShermanLF","2016-07-01","2016-07-01",,,,,,,,,,,,,,,,,,,,,,,,,,,,,,,,,,,,,,,"auccello@field-ops.org","thillman@neoninc.org",,
"248df576-997d-468f-8e70-31940b31fcb6","F0DC3EBA21774A65B89CFA6A62E37C3B","HARV_001.mammalGrid.mam","D01","HARV","HARV_001","H2","distributed","deciduousForest",42.422943,-72.258721,"WGS84",45.1,200.7,0.2,"3 - trap door open or closed w/ spoor left","ShermanLF","2016-07-01","2016-07-01",,,,,,,,,,,,,,,,,,,,,,,,,,,,,,,,,,,,,,,"auccello@field-ops.org","thillman@neoninc.org",,
"80278888-b206-4091-a885-b019c83e0372","F0DC3EBA21774A65B89CFA6A62E37C3B","HARV_001.mammalGrid.mam","D01","HARV","HARV_001","C1","distributed","deciduousForest",42.422943,-72.258721,"WGS84",45.1,200.7,0.2,"5 - capture","ShermanLF","2016-07-01","2016-07-01","NEON.MAM.D01.R2284",,"PEMA","Peromyscus maniculatus","species","cf. species",,"N","F","Y","released",,"adult",,"enlarged","not","swollen",20,16,91,,30,"N","N","N",,,,"HARV.20160701.R2284.F",,"fresh",,,"HARV.20160701.R2284.H",,"hairAndWhisker",,,"auccello@field-ops.org","thillman@neoninc.org",,
"c0785305-c798-4b2c-9bb4-8ca010838d15","F0DC3EBA21774A65B89CFA6A62E37C3B","HARV_001.mammalGrid.mam","D01","HARV","HARV_001","G6","distributed","deciduousForest",42.422943,-72.258721,"WGS84",45.1,200.7,0.2,"6 - trap set and empty","ShermanLF","2016-07-01","2016-07-01",,,,,,,,,,,,,,,,,,,,,,,,,,,,,,,,,,,,,,,"auccello@field-ops.org","thillman@neoninc.org",,
"a2236442-fa8b-4f12-aa23-c088d751bd75","F0DC3EBA21774A65B89CFA6A62E37C3B","HARV_001.mammalGrid.mam","D01","HARV","HARV_001","I8","distributed","deciduousForest",42.422943,-72.258721,"WGS84",45.1,200.7,0.2,"6 - trap set and empty","ShermanLF","2016-07-01","2016-07-01",,,,,,,,,,,,,,,,,,,,,,,,,,,,,,,,,,,,,,,"auccello@field-ops.org","thillman@neoninc.org",,
"1d1c1b69-e082-4973-896a-adf3c67585c0","F0DC3EBA21774A65B89CFA6A62E37C3B","HARV_001.mammalGrid.mam","D01","HARV","HARV_001","H7","distributed","deciduousForest",42.422943,-72.258721,"WGS84",45.1,200.7,0.2,"6 - trap set and empty","ShermanLF","2016-07-01","2016-07-01",,,,,,,,,,,,,,,,,,,,,,,,,,,,,,,,,,,,,,,"auccello@field-ops.org","thillman@neoninc.org",,
"bd3646b0-cbeb-4ae2-a425-80e4e6f9fb39","F0DC3EBA21774A65B89CFA6A62E37C3B","HARV_001.mammalGrid.mam","D01","HARV","HARV_001","A7","distributed","deciduousForest",42.422943,-72.258721,"WGS84",45.1,200.7,0.2,"6 - trap set and empty","ShermanLF","2016-07-01","2016-07-01",,,,,,,,,,,,,,,,,,,,,,,,,,,,,,,,,,,,,,,"auccello@field-ops.org","thillman@neoninc.org",,
"f2a02b63-2107-41b3-9a23-af09a3579a77","A97D53B209B646E29DC48BE8B54265A4","HARV_010.mammalGrid.mam","D01","HARV","HARV_010","E7","distributed","mixedForest",42.424891,-72.256376,"WGS84",45.1,196.7,0.2,"5 - capture","ShermanLF","2016-07-01","2016-07-01","NEON.MAM.D01.L2959",,"PEMA","Peromyscus maniculatus","species","cf. species",,"N","F","N","released",,"adult",,"nonenlarged","not","neither",21,16,90,,23,"N","N","N",,,,"HARV.20160701.L2959.F",,"fresh",,,"HARV.20160701.L2959.H",,"hairAndWhisker",,,"eeimers@field-ops.org","swilson@field-ops.org",,
"b8ec1c3b-1759-462b-84b1-efc51fea0b8a","A97D53B209B646E29DC48BE8B54265A4","HARV_010.mammalGrid.mam","D01","HARV","HARV_010","A7","distributed","mixedForest",42.424891,-72.256376,"WGS84",45.1,196.7,0.2,"3 - trap door open or closed w/ spoor left","ShermanLF","2016-07-01","2016-07-01",,,,,,,,,,,,,,,,,,,,,,,,,,,,,,,,,,,,,,,"eeimers@field-ops.org","swilson@field-ops.org",,
"00e62164-420a-483c-af9c-6c06971a37da","A97D53B209B646E29DC48BE8B54265A4","HARV_010.mammalGrid.mam","D01","HARV","HARV_010","D5","distributed","mixedForest",42.424891,-72.256376,"WGS84",45.1,196.7,0.2,"5 - capture","ShermanLF","2016-07-01","2016-07-01","NEON.MAM.D01.R1493",,"PEMA","Peromyscus maniculatus","species","cf. species",,"N","M","Y","released",,"adult","scrotal",,,,21,16,90,,26,"N","N","N",,,,"HARV.20160701.R1493.F",,"fresh",,,"HARV.20160701.R1493.H",,"hairAndWhisker",,,"eeimers@field-ops.org","swilson@field-ops.org",,
"f760833a-051b-4a35-ba00-7a3061c112ac","A97D53B209B646E29DC48BE8B54265A4","HARV_010.mammalGrid.mam","D01","HARV","HARV_010","B7","distributed","mixedForest",42.424891,-72.256376,"WGS84",45.1,196.7,0.2,"6 - trap set and empty","ShermanLF","2016-07-01","2016-07-01",,,,,,,,,,,,,,,,,,,,,,,,,,,,,,,,,,,,,,,"eeimers@field-ops.org","swilson@field-ops.org",,
"8b0c6835-4d46-42e5-893c-ad23730a894a","A97D53B209B646E29DC48BE8B54265A4","HARV_010.mammalGrid.mam","D01","HARV","HARV_010","F3","distributed","mixedForest",42.424891,-72.256376,"WGS84",45.1,196.7,0.2,"6 - trap set and empty","ShermanLF","2016-07-01","2016-07-01",,,,,,,,,,,,,,,,,,,,,,,,,,,,,,,,,,,,,,,"eeimers@field-ops.org","swilson@field-ops.org",,
"b1ee7948-e818-4938-8db1-0b037a9e8ff7","A97D53B209B646E29DC48BE8B54265A4","HARV_010.mammalGrid.mam","D01","HARV","HARV_010","D10","distributed","mixedForest",42.424891,-72.256376,"WGS84",45.1,196.7,0.2,"5 - capture","ShermanLF","2016-07-01","2016-07-01","NEON.MAM.D01.R1443",,"PEMA","Peromyscus maniculatus","species","cf. species",,"N","M","Y","released",,"adult","nonscrotal",,,,22,15,80,,29,"N","N","N",,,,"HARV.20160701.R1443.F",,"fresh",,,"HARV.20160701.R1443.H",,"hairAndWhisker",,,"eeimers@field-ops.org","swilson@field-ops.org",,
"663d4d05-dacc-422e-82ce-1dbf3a269967","A97D53B209B646E29DC48BE8B54265A4","HARV_010.mammalGrid.mam","D01","HARV","HARV_010","H9","distributed","mixedForest",42.424891,-72.256376,"WGS84",45.1,196.7,0.2,"3 - trap door open or closed w/ spoor left","ShermanLF","2016-07-01","2016-07-01",,,,,,,,,,,,,,,,,,,,,,,,,,,,,,,,,,,,,,,"eeimers@field-ops.org","swilson@field-ops.org",,
"36b91ff7-5e4b-429e-82e5-cf94b3fba977","A97D53B209B646E29DC48BE8B54265A4","HARV_010.mammalGrid.mam","D01","HARV","HARV_010","I5","distributed","mixedForest",42.424891,-72.256376,"WGS84",45.1,196.7,0.2,"6 - trap set and empty","ShermanLF","2016-07-01","2016-07-01",,,,,,,,,,,,,,,,,,,,,,,,,,,,,,,,,,,,,,,"eeimers@field-ops.org","swilson@field-ops.org",,
"78baf94c-4870-4e25-a077-585de3487a40","A97D53B209B646E29DC48BE8B54265A4","HARV_010.mammalGrid.mam","D01","HARV","HARV_010","C5","distributed","mixedForest",42.424891,-72.256376,"WGS84",45.1,196.7,0.2,"6 - trap set and empty","ShermanLF","2016-07-01","2016-07-01",,,,,,,,,,,,,,,,,,,,,,,,,,,,,,,,,,,,,,,"eeimers@field-ops.org","swilson@field-ops.org",,
"e8e04e29-ec64-4056-a519-d259193c428f","A97D53B209B646E29DC48BE8B54265A4","HARV_010.mammalGrid.mam","D01","HARV","HARV_010","F4","distributed","mixedForest",42.424891,-72.256376,"WGS84",45.1,196.7,0.2,"5 - capture","ShermanLF","2016-07-01","2016-07-01","NEON.MAM.D01.R2030",,"PELE","Peromyscus leucopus","species","cf. species",,"N","F","Y","escaped",,"adult",,"nonenlarged","not","neither",20,13,84,,25,"N","N","N",,,,"HARV.20160701.R2030.F",,"fresh","HARV.20160701.R2030.E",,"HARV.20160701.R2030.H",,"hairAndWhisker",,,"eeimers@field-ops.org","swilson@field-ops.org",,
"3f4ef7df-b794-46d7-8a80-b27fa40efd93","A97D53B209B646E29DC48BE8B54265A4","HARV_010.mammalGrid.mam","D01","HARV","HARV_010","D6","distributed","mixedForest",42.424891,-72.256376,"WGS84",45.1,196.7,0.2,"6 - trap set and empty","ShermanLF","2016-07-01","2016-07-01",,,,,,,,,,,,,,,,,,,,,,,,,,,,,,,,,,,,,,,"eeimers@field-ops.org","swilson@field-ops.org",,
"9745f81e-7825-4e26-9217-bb7de4b17f55","A97D53B209B646E29DC48BE8B54265A4","HARV_010.mammalGrid.mam","D01","HARV","HARV_010","B4","distributed","mixedForest",42.424891,-72.256376,"WGS84",45.1,196.7,0.2,"6 - trap set and empty","ShermanLF","2016-07-01","2016-07-01",,,,,,,,,,,,,,,,,,,,,,,,,,,,,,,,,,,,,,,"eeimers@field-ops.org","swilson@field-ops.org",,
"dac53c6c-cda1-4692-b99f-6fac29c41713","A97D53B209B646E29DC48BE8B54265A4","HARV_010.mammalGrid.mam","D01","HARV","HARV_010","G1","distributed","mixedForest",42.424891,-72.256376,"WGS84",45.1,196.7,0.2,"6 - trap set and empty","ShermanLF","2016-07-01","2016-07-01",,,,,,,,,,,,,,,,,,,,,,,,,,,,,,,,,,,,,,,"eeimers@field-ops.org","swilson@field-ops.org",,
"11d8f7f9-b4fe-4c7b-8509-47d48e94c126","A97D53B209B646E29DC48BE8B54265A4","HARV_010.mammalGrid.mam","D01","HARV","HARV_010","H3","distributed","mixedForest",42.424891,-72.256376,"WGS84",45.1,196.7,0.2,"6 - trap set and empty","ShermanLF","2016-07-01","2016-07-01",,,,,,,,,,,,,,,,,,,,,,,,,,,,,,,,,,,,,,,"eeimers@field-ops.org","swilson@field-ops.org",,
"894a5d2a-a77b-48a1-be19-8853f695c640","A97D53B209B646E29DC48BE8B54265A4","HARV_010.mammalGrid.mam","D01","HARV","HARV_010","G4","distributed","mixedForest",42.424891,-72.256376,"WGS84",45.1,196.7,0.2,"6 - trap set and empty","ShermanLF","2016-07-01","2016-07-01",,,,,,,,,,,,,,,,,,,,,,,,,,,,,,,,,,,,,,,"eeimers@field-ops.org","swilson@field-ops.org",,
"1aa0c51e-2aae-401d-90c1-b46f689eb169","A97D53B209B646E29DC48BE8B54265A4","HARV_010.mammalGrid.mam","D01","HARV","HARV_010","E1","distributed","mixedForest",42.424891,-72.256376,"WGS84",45.1,196.7,0.2,"5 - capture","ShermanLF","2016-07-01","2016-07-01","NEON.MAM.D01.L2974",,"TAST","Tamias striatus","species",,,"N","F","N","released",,"adult",,"nonenlarged","not","neither",35,,,,83,"N","N","N",,,,"HARV.20160701.L2974.F",,"fresh","HARV.20160701.L2974.E",,,,,,,"eeimers@field-ops.org","swilson@field-ops.org",,
"3fa3fcd7-99f9-4b02-baa1-8ca8d9b9c403","A97D53B209B646E29DC48BE8B54265A4","HARV_010.mammalGrid.mam","D01","HARV","HARV_010","C3","distributed","mixedForest",42.424891,-72.256376,"WGS84",45.1,196.7,0.2,"6 - trap set and empty","ShermanLF","2016-07-01","2016-07-01",,,,,,,,,,,,,,,,,,,,,,,,,,,,,,,,,,,,,,,"eeimers@field-ops.org","swilson@field-ops.org",,
"49252874-c074-4fd9-9615-aea6c0840012","A97D53B209B646E29DC48BE8B54265A4","HARV_010.mammalGrid.mam","D01","HARV","HARV_010","I2","distributed","mixedForest",42.424891,-72.256376,"WGS84",45.1,196.7,0.2,"5 - capture","ShermanLF","2016-07-01","2016-07-01","NEON.MAM.D01.300909",,"MYGA","Myodes gapperi","species",,,"N","M","Y","released",,"adult","scrotal",,,,15,,,,28,"Y","N","N",,,,"HARV.20160701.300909.F",,"fresh","HARV.20160701.300909.E",,,,,,,"eeimers@field-ops.org","swilson@field-ops.org",,
"3734f873-2228-456c-a8a3-b1ed111e13ad","A97D53B209B646E29DC48BE8B54265A4","HARV_010.mammalGrid.mam","D01","HARV","HARV_010","J2","distributed","mixedForest",42.424891,-72.256376,"WGS84",45.1,196.7,0.2,"5 - capture","ShermanLF","2016-07-01","2016-07-01","NEON.MAM.D01.R2673",,"PEMA","Peromyscus maniculatus","species","cf. species",,"N","M","N","released",,"adult","nonscrotal",,,,21,15,84,,25,"N","N","N",,,,"HARV.20160701.R2673.F",,"fresh","HARV.20160701.R2673.E",,"HARV.20160701.R2673.H",,"hairAndWhisker",,,"eeimers@field-ops.org","swilson@field-ops.org",,
"1fc7fbe9-722c-4a7e-93e8-dbf14fec5699","A97D53B209B646E29DC48BE8B54265A4","HARV_010.mammalGrid.mam","D01","HARV","HARV_010","H6","distributed","mixedForest",42.424891,-72.256376,"WGS84",45.1,196.7,0.2,"6 - trap set and empty","ShermanLF","2016-07-01","2016-07-01",,,,,,,,,,,,,,,,,,,,,,,,,,,,,,,,,,,,,,,"eeimers@field-ops.org","swilson@field-ops.org",,
"f7486082-c7ac-4404-8e49-70847135d98a","A97D53B209B646E29DC48BE8B54265A4","HARV_010.mammalGrid.mam","D01","HARV","HARV_010","G10","distributed","mixedForest",42.424891,-72.256376,"WGS84",45.1,196.7,0.2,"3 - trap door open or closed w/ spoor left","ShermanLF","2016-07-01","2016-07-01",,,,,,,,,,,,,,,,,,,,,,,,,,,,,,,,,,,,,,,"eeimers@field-ops.org","swilson@field-ops.org",,
"4dd4ba3d-9558-45c1-b94a-38ba381d421a","A97D53B209B646E29DC48BE8B54265A4","HARV_010.mammalGrid.mam","D01","HARV","HARV_010","B1","distributed","mixedForest",42.424891,-72.256376,"WGS84",45.1,196.7,0.2,"5 - capture","ShermanLF","2016-07-01","2016-07-01","NEON.MAM.D01.R1539",,"PEMA","Peromyscus maniculatus","species","cf. species",,"N","F","Y","released",,"adult",,"enlarged","not","neither",19,15,92,,27,"N","N","N",,,,"HARV.20160701.R1539.F",,"fresh","HARV.20160701.R1539.E",,"HARV.20160701.R1539.H",,"hairAndWhisker",,,"eeimers@field-ops.org","swilson@field-ops.org",,
"30e13dd5-cb93-433e-bf33-efd56303b5e7","A97D53B209B646E29DC48BE8B54265A4","HARV_010.mammalGrid.mam","D01","HARV","HARV_010","C2","distributed","mixedForest",42.424891,-72.256376,"WGS84",45.1,196.7,0.2,"6 - trap set and empty","ShermanLF","2016-07-01","2016-07-01",,,,,,,,,,,,,,,,,,,,,,,,,,,,,,,,,,,,,,,"eeimers@field-ops.org","swilson@field-ops.org",,
"09c2f37b-7b96-4a34-a7d3-3729c1726175","A97D53B209B646E29DC48BE8B54265A4","HARV_010.mammalGrid.mam","D01","HARV","HARV_010","B8","distributed","mixedForest",42.424891,-72.256376,"WGS84",45.1,196.7,0.2,"5 - capture","ShermanLF","2016-07-01","2016-07-01","NEON.MAM.D01.R1495",,"PEMA","Peromyscus maniculatus","species","cf. species",,"N","M","Y","released",,"adult","nonscrotal",,,,19,15,83,,23,"Y","N","N",,,,"HARV.20160701.R1495.F",,"fresh","HARV.20160701.R1495.E",,"HARV.20160701.R1495.H",,"hairAndWhisker",,,"eeimers@field-ops.org","swilson@field-ops.org",,
"9ac89927-bf9d-4c41-a0e6-f0e28ab0aa70","A97D53B209B646E29DC48BE8B54265A4","HARV_010.mammalGrid.mam","D01","HARV","HARV_010","E10","distributed","mixedForest",42.424891,-72.256376,"WGS84",45.1,196.7,0.2,"6 - trap set and empty","ShermanLF","2016-07-01","2016-07-01",,,,,,,,,,,,,,,,,,,,,,,,,,,,,,,,,,,,,,,"eeimers@field-ops.org","swilson@field-ops.org",,
"081f3d44-7bdf-4945-b08c-a447bd6f8349","A97D53B209B646E29DC48BE8B54265A4","HARV_010.mammalGrid.mam","D01","HARV","HARV_010","F6","distributed","mixedForest",42.424891,-72.256376,"WGS84",45.1,196.7,0.2,"3 - trap door open or closed w/ spoor left","ShermanLF","2016-07-01","2016-07-01",,,,,,,,,,,,,,,,,,,,,,,,,,,,,,,,,,,,,,,"eeimers@field-ops.org","swilson@field-ops.org",,
"17e7f99c-1dfb-46a5-8747-f4cd8114ce60","A97D53B209B646E29DC48BE8B54265A4","HARV_010.mammalGrid.mam","D01","HARV","HARV_010","F8","distributed","mixedForest",42.424891,-72.256376,"WGS84",45.1,196.7,0.2,"6 - trap set and empty","ShermanLF","2016-07-01","2016-07-01",,,,,,,,,,,,,,,,,,,,,,,,,,,,,,,,,,,,,,,"eeimers@field-ops.org","swilson@field-ops.org",,
"ba3dcf68-8909-4fd5-8329-497f16872d1a","A97D53B209B646E29DC48BE8B54265A4","HARV_010.mammalGrid.mam","D01","HARV","HARV_010","J4","distributed","mixedForest",42.424891,-72.256376,"WGS84",45.1,196.7,0.2,"3 - trap door open or closed w/ spoor left","ShermanLF","2016-07-01","2016-07-01",,,,,,,,,,,,,,,,,,,,,,,,,,,,,,,,,,,,,,,"eeimers@field-ops.org","swilson@field-ops.org",,
"0d2abe13-10a9-45fe-b54e-5f2ebd0c4966","A97D53B209B646E29DC48BE8B54265A4","HARV_010.mammalGrid.mam","D01","HARV","HARV_010","J9","distributed","mixedForest",42.424891,-72.256376,"WGS84",45.1,196.7,0.2,"3 - trap door open or closed w/ spoor left","ShermanLF","2016-07-01","2016-07-01",,,,,,,,,,,,,,,,,,,,,,,,,,,,,,,,,,,,,,,"eeimers@field-ops.org","swilson@field-ops.org",,
"c56c5fa1-1c87-480a-99fc-a2538bff4b0e","A97D53B209B646E29DC48BE8B54265A4","HARV_010.mammalGrid.mam","D01","HARV","HARV_010","C1","distributed","mixedForest",42.424891,-72.256376,"WGS84",45.1,196.7,0.2,"6 - trap set and empty","ShermanLF","2016-07-01","2016-07-01",,,,,,,,,,,,,,,,,,,,,,,,,,,,,,,,,,,,,,,"eeimers@field-ops.org","swilson@field-ops.org",,
"fbe85452-87a6-4ffb-953f-733cb66adceb","A97D53B209B646E29DC48BE8B54265A4","HARV_010.mammalGrid.mam","D01","HARV","HARV_010","G3","distributed","mixedForest",42.424891,-72.256376,"WGS84",45.1,196.7,0.2,"6 - trap set and empty","ShermanLF","2016-07-01","2016-07-01",,,,,,,,,,,,,,,,,,,,,,,,,,,,,,,,,,,,,,,"eeimers@field-ops.org","swilson@field-ops.org",,
"6b85aef4-91ce-41fa-a11f-99590600d283","A97D53B209B646E29DC48BE8B54265A4","HARV_010.mammalGrid.mam","D01","HARV","HARV_010","D2","distributed","mixedForest",42.424891,-72.256376,"WGS84",45.1,196.7,0.2,"2 - trap disturbed/door closed but empty","ShermanLF","2016-07-01","2016-07-01",,,,,,,,,,,,,,,,,,,,,,,,,,,,,,,,,,,,,,,"eeimers@field-ops.org","swilson@field-ops.org",,
"eb2fb792-2d14-47f1-ac2d-ef419a5d562d","A97D53B209B646E29DC48BE8B54265A4","HARV_010.mammalGrid.mam","D01","HARV","HARV_010","I10","distributed","mixedForest",42.424891,-72.256376,"WGS84",45.1,196.7,0.2,"3 - trap door open or closed w/ spoor left","ShermanLF","2016-07-01","2016-07-01",,,,,,,,,,,,,,,,,,,,,,,,,,,,,,,,,,,,,,,"eeimers@field-ops.org","swilson@field-ops.org",,
"a278cc4a-86ed-4db5-aab7-f74c6ddde87c","A97D53B209B646E29DC48BE8B54265A4","HARV_010.mammalGrid.mam","D01","HARV","HARV_010","B10","distributed","mixedForest",42.424891,-72.256376,"WGS84",45.1,196.7,0.2,"3 - trap door open or closed w/ spoor left","ShermanLF","2016-07-01","2016-07-01",,,,,,,,,,,,,,,,,,,,,,,,,,,,,,,,,,,,,,,"eeimers@field-ops.org","swilson@field-ops.org",,
"c8697019-7a63-4da0-b915-33c249457ac0","A97D53B209B646E29DC48BE8B54265A4","HARV_010.mammalGrid.mam","D01","HARV","HARV_010","E3","distributed","mixedForest",42.424891,-72.256376,"WGS84",45.1,196.7,0.2,"6 - trap set and empty","ShermanLF","2016-07-01","2016-07-01",,,,,,,,,,,,,,,,,,,,,,,,,,,,,,,,,,,,,,,"eeimers@field-ops.org","swilson@field-ops.org",,
"e4731d54-1d1c-4f8b-81c6-9c53e5df6152","A97D53B209B646E29DC48BE8B54265A4","HARV_010.mammalGrid.mam","D01","HARV","HARV_010","J3","distributed","mixedForest",42.424891,-72.256376,"WGS84",45.1,196.7,0.2,"5 - capture","ShermanLF","2016-07-01","2016-07-01","NEON.MAM.D01.R2589",,"PEMA","Peromyscus maniculatus","species","cf. species",,"N","M","Y","released",,"adult","nonscrotal",,,,21,14,87,,23,"N","N","N",,,,"HARV.20160701.R2589.F",,"fresh","HARV.20160701.R2589.E",,"HARV.20160701.R2589.H",,"hairAndWhisker",,,"eeimers@field-ops.org","swilson@field-ops.org",,
"45e1dcda-bff3-4494-8567-501311633ebf","A97D53B209B646E29DC48BE8B54265A4","HARV_010.mammalGrid.mam","D01","HARV","HARV_010","E8","distributed","mixedForest",42.424891,-72.256376,"WGS84",45.1,196.7,0.2,"5 - capture","ShermanLF","2016-07-01","2016-07-01","NEON.MAM.D01.R1418",,"PESP","Peromyscus sp.","genus","cf. species",,"N","F","Y","escaped",,"adult",,"nonenlarged","not","swollen",20,14,5,,,"N","N","N",,,,"HARV.20160701.R1418.F",,"fresh","HARV.20160701.R1418.E",,,,,,,"eeimers@field-ops.org","swilson@field-ops.org","tail is missing",
"7881ea21-fe47-4f64-9bce-3454fe66de56","A97D53B209B646E29DC48BE8B54265A4","HARV_010.mammalGrid.mam","D01","HARV","HARV_010","G7","distributed","mixedForest",42.424891,-72.256376,"WGS84",45.1,196.7,0.2,"6 - trap set and empty","ShermanLF","2016-07-01","2016-07-01",,,,,,,,,,,,,,,,,,,,,,,,,,,,,,,,,,,,,,,"eeimers@field-ops.org","swilson@field-ops.org",,
"49c098bc-7a1f-4ea8-bc9a-c20b11c4d8dc","A97D53B209B646E29DC48BE8B54265A4","HARV_010.mammalGrid.mam","D01","HARV","HARV_010","B9","distributed","mixedForest",42.424891,-72.256376,"WGS84",45.1,196.7,0.2,"3 - trap door open or closed w/ spoor left","ShermanLF","2016-07-01","2016-07-01",,,,,,,,,,,,,,,,,,,,,,,,,,,,,,,,,,,,,,,"eeimers@field-ops.org","swilson@field-ops.org",,
"6a328b93-849a-4ad3-8599-3a28cbdc9781","A97D53B209B646E29DC48BE8B54265A4","HARV_010.mammalGrid.mam","D01","HARV","HARV_010","C8","distributed","mixedForest",42.424891,-72.256376,"WGS84",45.1,196.7,0.2,"6 - trap set and empty","ShermanLF","2016-07-01","2016-07-01",,,,,,,,,,,,,,,,,,,,,,,,,,,,,,,,,,,,,,,"eeimers@field-ops.org","swilson@field-ops.org",,
"9112da47-83b6-4d76-9387-a42725b7bfec","A97D53B209B646E29DC48BE8B54265A4","HARV_010.mammalGrid.mam","D01","HARV","HARV_010","H8","distributed","mixedForest",42.424891,-72.256376,"WGS84",45.1,196.7,0.2,"3 - trap door open or closed w/ spoor left","ShermanLF","2016-07-01","2016-07-01",,,,,,,,,,,,,,,,,,,,,,,,,,,,,,,,,,,,,,,"eeimers@field-ops.org","swilson@field-ops.org",,
"b477692b-6c68-4490-a4f6-e53de3f7a650","A97D53B209B646E29DC48BE8B54265A4","HARV_010.mammalGrid.mam","D01","HARV","HARV_010","I8","distributed","mixedForest",42.424891,-72.256376,"WGS84",45.1,196.7,0.2,"6 - trap set and empty","ShermanLF","2016-07-01","2016-07-01",,,,,,,,,,,,,,,,,,,,,,,,,,,,,,,,,,,,,,,"eeimers@field-ops.org","swilson@field-ops.org",,
"f342a7ca-d82d-4715-8582-5566f3bbd36d","A97D53B209B646E29DC48BE8B54265A4","HARV_010.mammalGrid.mam","D01","HARV","HARV_010","G2","distributed","mixedForest",42.424891,-72.256376,"WGS84",45.1,196.7,0.2,"6 - trap set and empty","ShermanLF","2016-07-01","2016-07-01",,,,,,,,,,,,,,,,,,,,,,,,,,,,,,,,,,,,,,,"eeimers@field-ops.org","swilson@field-ops.org",,
"89201a81-92b2-4234-bb13-8efd83eb404a","A97D53B209B646E29DC48BE8B54265A4","HARV_010.mammalGrid.mam","D01","HARV","HARV_010","I7","distributed","mixedForest",42.424891,-72.256376,"WGS84",45.1,196.7,0.2,"6 - trap set and empty","ShermanLF","2016-07-01","2016-07-01",,,,,,,,,,,,,,,,,,,,,,,,,,,,,,,,,,,,,,,"eeimers@field-ops.org","swilson@field-ops.org",,
"4a6a7034-f09b-4972-9b08-dcdf5b61cad6","A97D53B209B646E29DC48BE8B54265A4","HARV_010.mammalGrid.mam","D01","HARV","HARV_010","A6","distributed","mixedForest",42.424891,-72.256376,"WGS84",45.1,196.7,0.2,"5 - capture","ShermanLF","2016-07-01","2016-07-01","NEON.MAM.D01.R2594",,"PEMA","Peromyscus maniculatus","species","cf. species",,"N","M","N","released",,"adult","scrotal",,,,21,14,80,,23,"N","N","N",,,,"HARV.20160701.R2594.F",,"fresh","HARV.20160701.R2594.E",,"HARV.20160701.R2594.H",,"hairAndWhisker",,,"eeimers@field-ops.org","swilson@field-ops.org",,
"5781937e-4369-4b0a-a3a4-1f48b64cf9c8","A97D53B209B646E29DC48BE8B54265A4","HARV_010.mammalGrid.mam","D01","HARV","HARV_010","C9","distributed","mixedForest",42.424891,-72.256376,"WGS84",45.1,196.7,0.2,"5 - capture","ShermanLF","2016-07-01","2016-07-01","NEON.MAM.D01.R2583",,"TAST","Tamias striatus","species",,,"N","M","Y","released",,"adult","scrotal",,,,33,,,,91,"N","N","N",,,,,,,"HARV.20160701.R2583.E",,,,,,,"eeimers@field-ops.org","swilson@field-ops.org",,
"950feb47-1e5a-4dc3-ac9c-cf6d886f39de","A97D53B209B646E29DC48BE8B54265A4","HARV_010.mammalGrid.mam","D01","HARV","HARV_010","F9","distributed","mixedForest",42.424891,-72.256376,"WGS84",45.1,196.7,0.2,"3 - trap door open or closed w/ spoor left","ShermanLF","2016-07-01","2016-07-01",,,,,,,,,,,,,,,,,,,,,,,,,,,,,,,,,,,,,,,"eeimers@field-ops.org","swilson@field-ops.org",,
"64aa11f4-ee11-40aa-99d9-e92b5ca9a953","A97D53B209B646E29DC48BE8B54265A4","HARV_010.mammalGrid.mam","D01","HARV","HARV_010","G5","distributed","mixedForest",42.424891,-72.256376,"WGS84",45.1,196.7,0.2,"5 - capture","ShermanLF","2016-07-01","2016-07-01","NEON.MAM.D01.R2971",,"PEMA","Peromyscus maniculatus","species","cf. species",,"N","M","N","released",,"subadult","nonscrotal",,,,21,13,75,,17,"N","N","N",,,,"HARV.20160701.R2971.F",,"fresh","HARV.20160701.R2971.E",,"HARV.20160701.R2971.H",,"hairAndWhisker",,,"eeimers@field-ops.org","swilson@field-ops.org",,
"11d8de9d-aa68-4298-a5d5-374afcca1a67","A97D53B209B646E29DC48BE8B54265A4","HARV_010.mammalGrid.mam","D01","HARV","HARV_010","F5","distributed","mixedForest",42.424891,-72.256376,"WGS84",45.1,196.7,0.2,"3 - trap door open or closed w/ spoor left","ShermanLF","2016-07-01","2016-07-01",,,,,,,,,,,,,,,,,,,,,,,,,,,,,,,,,,,,,,,"eeimers@field-ops.org","swilson@field-ops.org",,
"793c308e-dd89-4d21-85d6-19c51efac121","A97D53B209B646E29DC48BE8B54265A4","HARV_010.mammalGrid.mam","D01","HARV","HARV_010","I4","distributed","mixedForest",42.424891,-72.256376,"WGS84",45.1,196.7,0.2,"3 - trap door open or closed w/ spoor left","ShermanLF","2016-07-01","2016-07-01",,,,,,,,,,,,,,,,,,,,,,,,,,,,,,,,,,,,,,,"eeimers@field-ops.org","swilson@field-ops.org",,
"98bb9629-025b-47fe-8282-4374f29ed7e0","A97D53B209B646E29DC48BE8B54265A4","HARV_010.mammalGrid.mam","D01","HARV","HARV_010","H4","distributed","mixedForest",42.424891,-72.256376,"WGS84",45.1,196.7,0.2,"3 - trap door open or closed w/ spoor left","ShermanLF","2016-07-01","2016-07-01",,,,,,,,,,,,,,,,,,,,,,,,,,,,,,,,,,,,,,,"eeimers@field-ops.org","swilson@field-ops.org",,
"f832bd9e-156e-4d3d-acb0-924ed9d290b9","A97D53B209B646E29DC48BE8B54265A4","HARV_010.mammalGrid.mam","D01","HARV","HARV_010","A2","distributed","mixedForest",42.424891,-72.256376,"WGS84",45.1,196.7,0.2,"5 - capture","ShermanLF","2016-07-01","2016-07-01","NEON.MAM.D01.L2973",,"PEMA","Peromyscus maniculatus","species","cf. species",,"N","M","N","released",,"adult","nonscrotal",,,,19,15,77,,22,"N","N","N",,,,"HARV.20160701.L2973.F",,"fresh","HARV.20160701.L2973.E",,"HARV.20160701.L2973.H",,"hairAndWhisker",,,"eeimers@field-ops.org","swilson@field-ops.org",,
"c2d1320b-9ca0-47fd-94a3-8294ad634d10","A97D53B209B646E29DC48BE8B54265A4","HARV_010.mammalGrid.mam","D01","HARV","HARV_010","I6","distributed","mixedForest",42.424891,-72.256376,"WGS84",45.1,196.7,0.2,"6 - trap set and empty","ShermanLF","2016-07-01","2016-07-01",,,,,,,,,,,,,,,,,,,,,,,,,,,,,,,,,,,,,,,"eeimers@field-ops.org","swilson@field-ops.org",,
"143da4a6-2fcb-4ccf-8d4c-b7260e180a95","A97D53B209B646E29DC48BE8B54265A4","HARV_010.mammalGrid.mam","D01","HARV","HARV_010","D8","distributed","mixedForest",42.424891,-72.256376,"WGS84",45.1,196.7,0.2,"3 - trap door open or closed w/ spoor left","ShermanLF","2016-07-01","2016-07-01",,,,,,,,,,,,,,,,,,,,,,,,,,,,,,,,,,,,,,,"eeimers@field-ops.org","swilson@field-ops.org",,
"83178ee7-5326-40cf-adc9-519f80c786c6","A97D53B209B646E29DC48BE8B54265A4","HARV_010.mammalGrid.mam","D01","HARV","HARV_010","I3","distributed","mixedForest",42.424891,-72.256376,"WGS84",45.1,196.7,0.2,"6 - trap set and empty","ShermanLF","2016-07-01","2016-07-01",,,,,,,,,,,,,,,,,,,,,,,,,,,,,,,,,,,,,,,"eeimers@field-ops.org","swilson@field-ops.org",,
"19ba3fc0-1ad3-48c4-b572-f4df61e32382","A97D53B209B646E29DC48BE8B54265A4","HARV_010.mammalGrid.mam","D01","HARV","HARV_010","F7","distributed","mixedForest",42.424891,-72.256376,"WGS84",45.1,196.7,0.2,"5 - capture","ShermanLF","2016-07-01","2016-07-01","NEON.MAM.D01.R2590",,"PEMA","Peromyscus maniculatus","species","cf. species",,"N","M","Y","released",,"subadult","scrotal",,,,20,15,76,,18,"N","N","N",,,,"HARV.20160701.R2590.F",,"fresh","HARV.20160701.R2590.E",,"HARV.20160701.R2590.H",,"hairAndWhisker",,,"eeimers@field-ops.org","swilson@field-ops.org",,
"76abcfc6-1a78-4ce2-b1eb-f7216b06f499","A97D53B209B646E29DC48BE8B54265A4","HARV_010.mammalGrid.mam","D01","HARV","HARV_010","F10","distributed","mixedForest",42.424891,-72.256376,"WGS84",45.1,196.7,0.2,"3 - trap door open or closed w/ spoor left","ShermanLF","2016-07-01","2016-07-01",,,,,,,,,,,,,,,,,,,,,,,,,,,,,,,,,,,,,,,"eeimers@field-ops.org","swilson@field-ops.org",,
"9b9cfe7c-a80b-4f15-8602-0f218c0a3792","A97D53B209B646E29DC48BE8B54265A4","HARV_010.mammalGrid.mam","D01","HARV","HARV_010","J6","distributed","mixedForest",42.424891,-72.256376,"WGS84",45.1,196.7,0.2,"5 - capture","ShermanLF","2016-07-01","2016-07-01","NEON.MAM.D01.R2966",,"PELE","Peromyscus leucopus","species","cf. species",,"N","M","N","released",,"subadult","nonscrotal",,,,21,15,79,,15,"Y","N","N",,,,"HARV.20160701.R2966.F",,"fresh","HARV.20160701.R2966.E",,"HARV.20160701.R2966.H",,"hairAndWhisker",,,"eeimers@field-ops.org","swilson@field-ops.org",,
"79200665-7f08-4d01-8967-38f7bad156f8","A97D53B209B646E29DC48BE8B54265A4","HARV_010.mammalGrid.mam","D01","HARV","HARV_010","G6","distributed","mixedForest",42.424891,-72.256376,"WGS84",45.1,196.7,0.2,"5 - capture","ShermanLF","2016-07-01","2016-07-01","NEON.MAM.D01.R2565",,"PEMA","Peromyscus maniculatus","species","cf. species",,"N","F","Y","released",,"subadult",,"nonenlarged","not","neither",17,15,75,,15,"N","N","N",,,,"HARV.20160701.R2565.F",,"fresh","HARV.20160701.R2565.E",,"HARV.20160701.R2565.H",,"hairAndWhisker",,,"eeimers@field-ops.org","swilson@field-ops.org",,
"48109070-eecd-4123-aadc-433d943e623f","A97D53B209B646E29DC48BE8B54265A4","HARV_010.mammalGrid.mam","D01","HARV","HARV_010","I1","distributed","mixedForest",42.424891,-72.256376,"WGS84",45.1,196.7,0.2,"6 - trap set and empty","ShermanLF","2016-07-01","2016-07-01",,,,,,,,,,,,,,,,,,,,,,,,,,,,,,,,,,,,,,,"eeimers@field-ops.org","swilson@field-ops.org",,
"08798b5a-128a-49cc-942c-8f036382f1ff","A97D53B209B646E29DC48BE8B54265A4","HARV_010.mammalGrid.mam","D01","HARV","HARV_010","D9","distributed","mixedForest",42.424891,-72.256376,"WGS84",45.1,196.7,0.2,"6 - trap set and empty","ShermanLF","2016-07-01","2016-07-01",,,,,,,,,,,,,,,,,,,,,,,,,,,,,,,,,,,,,,,"eeimers@field-ops.org","swilson@field-ops.org",,
"0b392ab1-f0e5-4271-a00e-73771e8c605e","A97D53B209B646E29DC48BE8B54265A4","HARV_010.mammalGrid.mam","D01","HARV","HARV_010","H1","distributed","mixedForest",42.424891,-72.256376,"WGS84",45.1,196.7,0.2,"3 - trap door open or closed w/ spoor left","ShermanLF","2016-07-01","2016-07-01",,,,,,,,,,,,,,,,,,,,,,,,,,,,,,,,,,,,,,,"eeimers@field-ops.org","swilson@field-ops.org",,
"93de9856-5372-4f09-b9e7-66a8ee2518d6","A97D53B209B646E29DC48BE8B54265A4","HARV_010.mammalGrid.mam","D01","HARV","HARV_010","F1","distributed","mixedForest",42.424891,-72.256376,"WGS84",45.1,196.7,0.2,"5 - capture","ShermanLF","2016-07-01","2016-07-01","NEON.MAM.D01.R2302",,"PEMA","Peromyscus maniculatus","species","cf. species",,"N","F","Y","released",,"adult",,"enlarged","not","neither",20,14,86,,26,"N","N","N",,,,"HARV.20160701.R2302.F",,"fresh",,,"HARV.20160701.R2302.H",,"hairAndWhisker",,,"eeimers@field-ops.org","swilson@field-ops.org",,
"dd8f849a-43fd-480e-a36b-92f9254b8a57","A97D53B209B646E29DC48BE8B54265A4","HARV_010.mammalGrid.mam","D01","HARV","HARV_010","A9","distributed","mixedForest",42.424891,-72.256376,"WGS84",45.1,196.7,0.2,"5 - capture","ShermanLF","2016-07-01","2016-07-01","NEON.MAM.D01.R0880",,"TAST","Tamias striatus","species",,,"N","F","Y","released",,"adult",,"enlarged","not","neither",31,,,,90,"N","N","N",,,,,,,"HARV.20160701.R0880.E",,,,,,,"eeimers@field-ops.org","swilson@field-ops.org",,
"7920968a-5f71-4ac3-80f2-97a87d170698","A97D53B209B646E29DC48BE8B54265A4","HARV_010.mammalGrid.mam","D01","HARV","HARV_010","B5","distributed","mixedForest",42.424891,-72.256376,"WGS84",45.1,196.7,0.2,"6 - trap set and empty","ShermanLF","2016-07-01","2016-07-01",,,,,,,,,,,,,,,,,,,,,,,,,,,,,,,,,,,,,,,"eeimers@field-ops.org","swilson@field-ops.org",,
"20ece483-bf06-438e-865f-7dda2ead0b6d","A97D53B209B646E29DC48BE8B54265A4","HARV_010.mammalGrid.mam","D01","HARV","HARV_010","C7","distributed","mixedForest",42.424891,-72.256376,"WGS84",45.1,196.7,0.2,"6 - trap set and empty","ShermanLF","2016-07-01","2016-07-01",,,,,,,,,,,,,,,,,,,,,,,,,,,,,,,,,,,,,,,"eeimers@field-ops.org","swilson@field-ops.org",,
"e4fc1872-8d18-4680-9f46-ac537fcd3c2e","A97D53B209B646E29DC48BE8B54265A4","HARV_010.mammalGrid.mam","D01","HARV","HARV_010","D3","distributed","mixedForest",42.424891,-72.256376,"WGS84",45.1,196.7,0.2,"6 - trap set and empty","ShermanLF","2016-07-01","2016-07-01",,,,,,,,,,,,,,,,,,,,,,,,,,,,,,,,,,,,,,,"eeimers@field-ops.org","swilson@field-ops.org",,
"4774f387-af23-49a8-b2cf-8f9b587bc035","A97D53B209B646E29DC48BE8B54265A4","HARV_010.mammalGrid.mam","D01","HARV","HARV_010","H7","distributed","mixedForest",42.424891,-72.256376,"WGS84",45.1,196.7,0.2,"5 - capture","ShermanLF","2016-07-01","2016-07-01","NEON.MAM.D01.L2951",,"MYGA","Myodes gapperi","species",,,"N","F","N","released",,"adult",,"enlarged","not","neither",15,,,,23,"N","Y","N",,,,"HARV.20160701.L2951.F",,"fresh","HARV.20160701.L2951.E",,,,,,,"eeimers@field-ops.org","swilson@field-ops.org",,
"8cfe70c4-11d1-4d5a-89ce-bd8e4feef7b4","A97D53B209B646E29DC48BE8B54265A4","HARV_010.mammalGrid.mam","D01","HARV","HARV_010","C6","distributed","mixedForest",42.424891,-72.256376,"WGS84",45.1,196.7,0.2,"6 - trap set and empty","ShermanLF","2016-07-01","2016-07-01",,,,,,,,,,,,,,,,,,,,,,,,,,,,,,,,,,,,,,,"eeimers@field-ops.org","swilson@field-ops.org",,
