uid,nightuid,namedLocation,domainID,siteID,plotID,collectDate,endDate,samplingProtocolVersion,remarks,dataQF
"87e2880a-4ae7-4d83-8b4a-54038c3c3bd3","DEE7EAECC12746609EBBFE5BD4E3FAA1","HARV_023.mammalGrid.mam","D01","HARV","HARV_023","2014-09-15","2014-09-15",,,
"7b0c56f8-e223-4f45-b07e-45e03e95bd78","0E2F32A07CF149A7B21EBA4A33C75E74","HARV_001.mammalGrid.mam","D01","HARV","HARV_001","2014-09-15","2014-09-15",,,
"79e2adf4-98c9-4bee-8d75-386a5c039d94","FEB68091E57045EA88890E65CF8128C1","HARV_008.mammalGrid.mam","D01","HARV","HARV_008","2014-09-15","2014-09-15",,,
"8018b0bc-a358-44c0-93cf-6b5c7d90bffb","157278FA0B46432D82282FD5159FB0F7","HARV_010.mammalGrid.mam","D01","HARV","HARV_010","2014-09-15","2014-09-15",,,
"c4342bbd-5919-4b46-8404-764d5de022eb","28A1AC09DB6E482C9F1F01C35874BC75","HARV_010.mammalGrid.mam","D01","HARV","HARV_010","2014-09-16","2014-09-16",,,
"99b2be83-e06b-49d5-a75f-17341caa6034","B3BC0C91D6AB48D6A4423855D429FDA5","HARV_008.mammalGrid.mam","D01","HARV","HARV_008","2014-09-16","2014-09-16",,,
"71fcd84c-6378-4f03-9f2c-fb938e7d37e1","8558372C3C124444A814008C82E4EE0C","HARV_001.mammalGrid.mam","D01","HARV","HARV_001","2014-09-16","2014-09-16",,,
"562c6861-211b-4519-92ee-ef13029d0bf6","7CEA7535C1E1402088C965D8FE3497F0","HARV_023.mammalGrid.mam","D01","HARV","HARV_023","2014-09-16","2014-09-16",,,
"8384b0ee-710e-4f3e-946a-414a789ac8d9","CE5E23CE1DC944FC8927DCCC14B357A9","HARV_008.mammalGrid.mam","D01","HARV","HARV_008","2014-09-17","2014-09-17",,,
"93ca2af0-eabf-48ce-a28e-421e668e1956","A35C70C107504FA6A53986C77E0375D8","HARV_023.mammalGrid.mam","D01","HARV","HARV_023","2014-09-17","2014-09-17",,,
"91839479-db38-41e1-8c8c-a6c048a68e2b","E2DF46F90EE1476489A1FB22612F78D3","HARV_001.mammalGrid.mam","D01","HARV","HARV_001","2014-09-17","2014-09-17",,"Grid not opened because of high shrew mortality rates (see JIRA ticket FOPS-1503).",
"917babe6-db6f-495a-95a9-994311859483","B9A07B3F3B864E9382F98AB80AE04E4A","HARV_010.mammalGrid.mam","D01","HARV","HARV_010","2014-09-17","2014-09-17",,,
"d97024bc-cbfb-4e38-b2a1-e60f364beac9","4D4ADB70E84E4090AD3A4D26C369D0C6","HARV_014.mammalGrid.mam","D01","HARV","HARV_014","2014-09-18","2014-09-18",,,
"1f73515e-56fc-4d91-b051-1ddea6a6cc72","41CBE2A8E21249B1A6D6058B0A5476C7","HARV_032.mammalGrid.mam","D01","HARV","HARV_032","2014-09-18","2014-09-18",,,
"41f7ff3e-98fe-4a6f-8b28-4edcb70e2e92","2DB610A5497544B688DBEB5306764486","HARV_021.mammalGrid.mam","D01","HARV","HARV_021","2014-09-18","2014-09-18",,,
"550cbaa9-7d9a-4b75-8a63-7b5391700635","34A9B0790CD7462FB48609C95B40A45C","HARV_014.mammalGrid.mam","D01","HARV","HARV_014","2014-09-19","2014-09-19",,,
"ac511888-030e-4fa4-92df-9f6e671867f9","6DA2E6A618D9487581F6A9F4687BB705","HARV_032.mammalGrid.mam","D01","HARV","HARV_032","2014-09-19","2014-09-19",,,
"f4e6e36e-50da-4115-a603-81ddc94d1938","401111AAFAD64429902B052CB64E579D","HARV_032.mammalGrid.mam","D01","HARV","HARV_032","2014-09-19","2014-09-19",,,
"cc88f060-7258-42ae-af50-d80b9808f0ae","FC2FE08C0CD749ADBAEF42BA4B2B80DF","HARV_032.mammalGrid.mam","D01","HARV","HARV_032","2014-09-19","2014-09-19",,,
"572930f7-5b08-4f9e-b4db-ca151ac106e5","9C2B1F5FCBC744DC838314A673F3DF93","HARV_032.mammalGrid.mam","D01","HARV","HARV_032","2014-09-19","2014-09-19",,,
"8cfe26a0-f45e-4b4c-a7ac-5397ec7e04ea","9B732FB8D74B4698975F7B719F294A54","HARV_032.mammalGrid.mam","D01","HARV","HARV_032","2014-09-19","2014-09-19",,,
"d9d30224-d838-4023-95e3-18ef9efccf3c","378C227B5C8F4C27B287726EA0DBBCB3","HARV_032.mammalGrid.mam","D01","HARV","HARV_032","2014-09-19","2014-09-19",,,
"7a9f8ffa-2d26-4e91-9eaf-3e260a8f52d8","D8A74173C4444FDFB9A2011667E495B6","HARV_032.mammalGrid.mam","D01","HARV","HARV_032","2014-09-19","2014-09-19",,,
"a95191c2-2d8e-4c01-9ce2-c5431b637741","CFD6B1662A494BC8A9E3DB6468B03A4C","HARV_032.mammalGrid.mam","D01","HARV","HARV_032","2014-09-19","2014-09-19",,,
"63dbe851-c86c-421a-ba38-4e1baf2b06d3","A0D0736F15A0477AB15C714A299E03E5","HARV_032.mammalGrid.mam","D01","HARV","HARV_032","2014-09-19","2014-09-19",,,
"ad2b0fb1-c427-4ff6-8a22-63f8923b7214","E24D2001D2BC414697AB1DB5B1F9E3B9","HARV_032.mammalGrid.mam","D01","HARV","HARV_032","2014-09-19","2014-09-19",,,
"e4db7740-7071-458f-a980-747f2cfd0d44","4BCEFF2097F1468A9B473694EE609AE4","HARV_032.mammalGrid.mam","D01","HARV","HARV_032","2014-09-19","2014-09-19",,,
"63b1e78c-c126-4be3-91ce-db40e9fab5cf","2F7878F6234C4337A4BFA102AD5AB3F5","HARV_021.mammalGrid.mam","D01","HARV","HARV_021","2014-09-19","2014-09-19",,"B10 RECORDED TWICE WITH CONFLICTING DATA ON DATA SHEET",
"b25fcc72-2b5e-452a-9b25-d2093335b5bc","CFDA9B156B674297BCF908A9FE085C16","HARV_032.mammalGrid.mam","D01","HARV","HARV_032","2014-09-19","2014-09-19",,,
"1e870d56-89af-4e5d-976e-a0511a665606","0ACA6A1FF8454E588B1A87DB4DBA5BCA","HARV_032.mammalGrid.mam","D01","HARV","HARV_032","2014-09-20","2014-09-20",,,
"067c730d-50ee-4126-a74a-ee4017e201f4","5D3F3BC4A1844DDDA88C11F6C8493AC7","HARV_021.mammalGrid.mam","D01","HARV","HARV_021","2014-09-20","2014-09-20",,"TRAP J3 COUNTED TWICE ON DATASHEET",
"922d460f-9767-486d-88e3-3e619eb610fc","C909783DA4F343A7B2365B70F12E90C7","HARV_014.mammalGrid.mam","D01","HARV","HARV_014","2014-09-20","2014-09-20",,,
