uid,nightuid,namedLocation,domainID,siteID,plotID,collectDate,endDate,samplingProtocolVersion,remarks,dataQF
"fcf9c97d-7177-4bdd-bc7e-8218ba07224d","27E9A903886C4535A4EF052207E006D1","HARV_008.mammalGrid.mam","D01","HARV","HARV_008","2014-07-21","2014-07-21",,,
"d86d384f-da3f-4ee8-83bc-2e9a73e757df","0AB0F863F47B4267B3983ECB8F8515B6","HARV_032.mammalGrid.mam","D01","HARV","HARV_032","2014-07-21","2014-07-21",,,
"bde8a3d4-2c9f-4005-91ca-befeb69cc30d","B2CB41070B0646F6A7D54151F5DF72D6","HARV_014.mammalGrid.mam","D01","HARV","HARV_014","2014-07-21","2014-07-21",,,
"0c700083-8cac-4408-8f9b-6ae2fa169c52","6C25174164524507854244BA80177191","HARV_032.mammalGrid.mam","D01","HARV","HARV_032","2014-07-21","2014-07-21",,,
"907c5d52-36b9-4d20-b3d0-0728b94b48b1","519F8EB427F44647AC56C01D62A9D1E6","HARV_021.mammalGrid.mam","D01","HARV","HARV_021","2014-07-21","2014-07-21",,,
"9334fa45-c4c8-44d9-999a-bb305f04176c","837E8C9450E840788CD64DE300BBD862","HARV_021.mammalGrid.mam","D01","HARV","HARV_021","2014-07-22","2014-07-22",,,
"5ec94c7e-d5a1-47dd-986e-3adcb64aafff","FD13A2FDBF0747F1AB23128E567B340C","HARV_008.mammalGrid.mam","D01","HARV","HARV_008","2014-07-22","2014-07-22",,,
"054104f7-e23c-4f38-ae29-37dfbddbb936","5473D12F97F94665B4EA55E629280DCC","HARV_032.mammalGrid.mam","D01","HARV","HARV_032","2014-07-22","2014-07-22",,,
"c85c813e-d62c-4ab6-8a0e-36bc3801898a","2283E4690D7F4770961B202313C12993","HARV_014.mammalGrid.mam","D01","HARV","HARV_014","2014-07-22","2014-07-22",,,
"da14b692-a7cd-448f-a535-2529a8d99fec","69FBA26E8E384161B470B8F8EBE413EA","HARV_021.mammalGrid.mam","D01","HARV","HARV_021","2014-07-23","2014-07-23",,,
"932856e0-f514-4558-b387-c80fe6ee5b37","E23880638718427BB04E0E90507BC8A6","HARV_014.mammalGrid.mam","D01","HARV","HARV_014","2014-07-23","2014-07-23",,,
"efc0048f-fb04-406a-a3af-ff2b157f8da2","B00B19DE50DB4627A3847FCBAC11888A","HARV_008.mammalGrid.mam","D01","HARV","HARV_008","2014-07-23","2014-07-23",,,
"a7880fdd-8ff1-4b86-abf2-9f822452a93d","F1E6272110CD466CA47A4C331DE7FC00","HARV_032.mammalGrid.mam","D01","HARV","HARV_032","2014-07-23","2014-07-23",,,
"a8244172-697d-4edf-8629-0fc782d4c391","7D9A51B9383F469EBE03853ED2C63275","HARV_010.mammalGrid.mam","D01","HARV","HARV_010","2014-07-24","2014-07-24",,,
"f4c64455-83c0-49c7-bffc-1cd8841586c9","CA74785A27124C2F99B95EAC192F2BDD","HARV_001.mammalGrid.mam","D01","HARV","HARV_001","2014-07-24","2014-07-24",,,
"3a7926af-45b2-4bb5-9dc1-317ef00e45c4","1B6D5132030A437B8AE38A6E0E880F9D","HARV_023.mammalGrid.mam","D01","HARV","HARV_023","2014-07-24","2014-07-24",,,
"3ece8c27-94f4-422c-b5d2-bf960a7b0b6c","0DD04DDACA214378951E050A53B8B101","HARV_006.mammalGrid.mam","D01","HARV","HARV_006","2014-07-24","2014-07-24",,,
"e6530031-648d-40bf-a654-3671493bc7d1","3216AE76CA4E4E5F96C33998DF038161","HARV_023.mammalGrid.mam","D01","HARV","HARV_023","2014-07-25","2014-07-25",,,
"50a5b70f-7f0b-4827-b800-d264da14a702","316C26EE9B9D4C1AB50439313830A3A3","HARV_010.mammalGrid.mam","D01","HARV","HARV_010","2014-07-25","2014-07-25",,,
"2ed778b2-fd13-4536-8e60-f213a599d800","E3822A5EFA274FEA994D236DC6C75324","HARV_006.mammalGrid.mam","D01","HARV","HARV_006","2014-07-25","2014-07-25",,"These data were collected by a second team.",
"c1ed2673-cfaa-48b0-91cb-b16713158ef1","CF37A3C9F04342738B9B9C90EC00A454","HARV_001.mammalGrid.mam","D01","HARV","HARV_001","2014-07-25","2014-07-25",,,
"a9613fe5-61c6-4b31-ae7d-a7b39436b5a0","6062C2CD44E74C809ED9357286CD4736","HARV_006.mammalGrid.mam","D01","HARV","HARV_006","2014-07-25","2014-07-25",,"Correction: handler was kauger@field-ops.org, not bchagnon@field-ops.org. Unable to change plot-level data and unwilling to re-enter complete data. In a hurry, moving on!",
"05598328-d14d-4799-a3f4-e0e49b51d073","AA3152809E4743ECBEB5EFC3936B661F","HARV_001.mammalGrid.mam","D01","HARV","HARV_001","2014-07-26","2014-07-26",,,
"bca8507c-26ef-40ad-ad8b-4c6f6bfcf73e","46F40EAD1A58437DACC36F98980B07FE","HARV_023.mammalGrid.mam","D01","HARV","HARV_023","2014-07-26","2014-07-26",,,
"4dead0a5-1fe3-473a-82c0-5fd5b946b3d3","60CD2AD605AC4FA2B0B7B4684CDF36F5","HARV_010.mammalGrid.mam","D01","HARV","HARV_010","2014-07-26","2014-07-26",,,
"5c718fe5-5901-4bce-a949-96220286f81f","28C2E25CB0DB4C65B65DD5509F5CFB1E","HARV_006.mammalGrid.mam","D01","HARV","HARV_006","2014-07-26","2014-07-26",,,
