uid,nightuid,namedLocation,domainID,siteID,plotID,collectDate,endDate,samplingProtocolVersion,remarks,dataQF
"e93f4ee1-c3d1-4434-a06e-437b020d09b7","990D91A3651949ABB9CF1609704B7313","HARV_032.mammalGrid.mam","D01","HARV","HARV_032","2013-07-08","2013-07-08",,,
"16321e7b-062b-4597-a234-558cf971e344","B7F4DFD838E64532885C74361F994F54","HARV_021.mammalGrid.mam","D01","HARV","HARV_021","2013-07-08","2013-07-08",,,
"b637e1dc-e427-4017-a27d-f7e7adb3ecb5","A6B0C9CBA3B6498BA1C095127D23901C","HARV_032.mammalGrid.mam","D01","HARV","HARV_032","2013-07-09","2013-07-09",,,
"98804dba-9b15-4cba-92e2-bc09ce03e26c","464B0E78C9A043CB82D58BBA3808B1A9","HARV_021.mammalGrid.mam","D01","HARV","HARV_021","2013-07-09","2013-07-09",,,
"e76fbf89-119d-402f-8ac5-3e109eb0bc14","99ABE261A03C4713B9E16E618CA83B1F","HARV_021.mammalGrid.mam","D01","HARV","HARV_021","2013-07-10","2013-07-10",,,
"2dab04e4-c6bf-40f8-9294-6c37c4a0f96b","A738E2F42E574C2BAF3D81E05C52C2C6","HARV_032.mammalGrid.mam","D01","HARV","HARV_032","2013-07-10","2013-07-10",,,
"f4bc6605-a261-4f7e-a595-0d2cbe976bc9","B5CE92BCDD3749879F0B899FDF219818","HARV_023.mammalGrid.mam","D01","HARV","HARV_023","2013-07-11","2013-07-11",,,
"2957c8c1-4809-4839-9e6a-9c1f66b4e55b","CABF51BD87C34A4A9992170F09495E4A","HARV_006.mammalGrid.mam","D01","HARV","HARV_006","2013-07-11","2013-07-11",,,
"dd7ea51d-5065-43fa-ae5d-bf97b3ad19c2","62A0F78420504E00931DB2A9B6431C8F","HARV_008.mammalGrid.mam","D01","HARV","HARV_008","2013-07-11","2013-07-11",,,
"91d46f3b-4282-4eea-8faf-2f6fcc47cebe","7C5F4AA982474C04B912424417256677","HARV_008.mammalGrid.mam","D01","HARV","HARV_008","2013-07-12","2013-07-12",,,
"3f57a8b9-7684-4090-be9b-fbef52398950","F47DA3782ED546CD964FBC47A8B346F3","HARV_023.mammalGrid.mam","D01","HARV","HARV_023","2013-07-12","2013-07-12",,,
"16618346-0438-4fd4-a65f-6475c1988e81","5DEEC3A9BFAD4D52B724EECAF4A97412","HARV_023.mammalGrid.mam","D01","HARV","HARV_023","2013-07-12","2013-07-12",,,
"459bd48e-2b8e-4a31-90bc-143ead396825","03FD6945810442B488E213EABA269EA5","HARV_023.mammalGrid.mam","D01","HARV","HARV_023","2013-07-12","2013-07-12",,,
"006d8637-a9ed-46a4-8e0d-fbd7f88f9b07","8450D3EC44984EF19FED5795747CC031","HARV_023.mammalGrid.mam","D01","HARV","HARV_023","2013-07-12","2013-07-12",,,
"3eb881d4-bc9e-4c21-a59b-db2e4ef0bab1","802DE1156A5C48338785E281FA4E9836","HARV_023.mammalGrid.mam","D01","HARV","HARV_023","2013-07-12","2013-07-12",,,
"3910d3f5-576e-40d7-8c52-24b943cbd1a0","62D7808E6FDF43C98BBAEB079A08EDD2","HARV_023.mammalGrid.mam","D01","HARV","HARV_023","2013-07-12","2013-07-12",,,
"bae11a2b-018f-4256-96da-218d14cdc8fa","A9A67C62F5454FCB8774EE2FE5AB0F13","HARV_023.mammalGrid.mam","D01","HARV","HARV_023","2013-07-12","2013-07-12",,,
"8f8951c7-334a-49aa-9f6d-366898c93c27","60F684E2BEB544D8AA1EA36171765B9E","HARV_006.mammalGrid.mam","D01","HARV","HARV_006","2013-07-12","2013-07-12",,,
"38b1563c-b753-4381-a438-9eb4121b197b","6E8D1707D78A4FF091C4217CF265AAA8","HARV_023.mammalGrid.mam","D01","HARV","HARV_023","2013-07-12","2013-07-12",,,
"5f9fc5bf-9f5a-432e-8743-c996eb604a53","BE4DF0E897BF43C98CB96896BCAC3939","HARV_023.mammalGrid.mam","D01","HARV","HARV_023","2013-07-13","2013-07-13",,,
"9cc8e930-53ef-4c9e-9532-ca1ed328b305","0E25244F4E6044BB9B81C3F699762284","HARV_006.mammalGrid.mam","D01","HARV","HARV_006","2013-07-13","2013-07-13",,,
"0db364d1-7a4b-4eb7-ab17-6f370409a162","420859039A8940319B0CC6FF3695F26C","HARV_032.mammalGrid.mam","D01","HARV","HARV_032","2013-07-13","2013-07-13",,,
"a80db85b-6ab5-40e6-9a28-edd9ac124753","794B6BBEE0274068BE83F02222139DBE","HARV_008.mammalGrid.mam","D01","HARV","HARV_008","2013-07-13","2013-07-13",,,
