uid,nightuid,namedLocation,domainID,siteID,plotID,collectDate,endDate,samplingProtocolVersion,remarks,dataQF
"4aa3a37c-2046-4161-a1fe-b372894ddd44","9307747c-f8cc-4d74-b062-49ddb4c323c6","HARV_023.mammalGrid.mam","D01","HARV","HARV_023","2019-07-30","2019-07-30","NEON.DOC.000481vL",,
"f5bf538e-1cbb-4fcf-bbef-e6d533092557","16429974-e6eb-431c-b8b2-2d64a2d35cba","HARV_008.mammalGrid.mam","D01","HARV","HARV_008","2019-07-30","2019-07-30","NEON.DOC.000481vL",,
"f32ae1c9-75c0-4c2f-863b-25710a48498e","89bd57ca-16e8-4862-bff6-51961912c506","HARV_021.mammalGrid.mam","D01","HARV","HARV_021","2019-07-30","2019-07-30","NEON.DOC.000481vL",,
"7530843d-0796-4acd-a27c-f39ef693252c","fc642ceb-6abf-4075-b0d7-754c3057fd5d","HARV_021.mammalGrid.mam","D01","HARV","HARV_021","2019-07-31","2019-07-31","NEON.DOC.000481vL",,
"65c83a8a-4a28-4046-bdd4-5b9b26604c2a","b8b9e245-8b4b-476e-82b3-4129038ba1d0","HARV_023.mammalGrid.mam","D01","HARV","HARV_023","2019-07-31","2019-07-31","NEON.DOC.000481vL",,
"9082993c-c1d4-4a4a-a501-d5a84741b9d1","0a8f49b3-6116-41fb-a970-5b0cbbe9385d","HARV_008.mammalGrid.mam","D01","HARV","HARV_008","2019-07-31","2019-07-31","NEON.DOC.000481vL",,
