uid,nightuid,namedLocation,domainID,siteID,plotID,collectDate,endDate,samplingProtocolVersion,remarks,dataQF
"6a8994bc-7dc1-4f91-8460-2eaf91f3a94b","2B14ABB204F04981AEF40EEBF5B80392","HARV_021.mammalGrid.mam","D01","HARV","HARV_021","2016-05-06","2016-05-06","NEON.DOC.000481vG",,
"d6c822db-5492-42da-8aa2-ef913cb79958","910830833B2242A7A767EC2946214DCE","HARV_008.mammalGrid.mam","D01","HARV","HARV_008","2016-05-06","2016-05-06","NEON.DOC.000481vG",,
"56979268-c294-4f4c-b07f-1681bc391d8e","B7DE39DE33D4498884F9229B41D9F9DF","HARV_023.mammalGrid.mam","D01","HARV","HARV_023","2016-05-06","2016-05-06","NEON.DOC.000481vG",,
"2b813fae-b9b5-45eb-9769-f7cc0a99670e","EDDD6A253EB14CABB978429799386AA8","HARV_008.mammalGrid.mam","D01","HARV","HARV_008","2016-05-07","2016-05-07","NEON.DOC.000481vG",,
"59d88681-1174-4818-93d4-e6b8dc2a1b41","E95CE15E1F3745EC966A49B948EB467D","HARV_021.mammalGrid.mam","D01","HARV","HARV_021","2016-05-07","2016-05-07","NEON.DOC.000481vG",,
"1ef6764a-234f-41db-96ec-d1baa0c16690","58F46BEAC6B542668CC942186B730A1D","HARV_023.mammalGrid.mam","D01","HARV","HARV_023","2016-05-07","2016-05-07","NEON.DOC.000481vG",,
"76f14229-96ef-4727-9d33-75b983624a30","C64B63915CAC4FDE9721717CA1331C5C","HARV_014.mammalGrid.mam","D01","HARV","HARV_014","2016-05-08","2016-05-08","NEON.DOC.000481vG",,
"88f923b8-a5c4-44b3-8fe4-4f5551644798","055F9A0748624C6D84B80A7811E2A0E2","HARV_006.mammalGrid.mam","D01","HARV","HARV_006","2016-05-08","2016-05-08","NEON.DOC.000481vG",,
"ad12ff82-8301-41d9-a0d6-b28faeec9522","933460E172C44661BFE997BD2780D845","HARV_032.mammalGrid.mam","D01","HARV","HARV_032","2016-05-08","2016-05-08","NEON.DOC.000481vG",,
"6cd67cae-c65a-47d3-90d5-f6f9e61ceeba","2C70956A1743408D8CA3D8E57CB96D5D","HARV_010.mammalGrid.mam","D01","HARV","HARV_010","2016-05-09","2016-05-09","NEON.DOC.000481vG",,
"3dcd4ea4-c620-42b3-a517-e5ecfbaeeb7c","019CEA140AE34E5A8C7E512A1BEB5C52","HARV_001.mammalGrid.mam","D01","HARV","HARV_001","2016-05-09","2016-05-09","NEON.DOC.000481vG",,
