uid,nightuid,namedLocation,domainID,siteID,plotID,collectDate,endDate,samplingProtocolVersion,remarks,dataQF
"fa02a075-ac1c-402d-8e66-e843006c4317","61181097B37141849C6385BCB360F604","HARV_032.mammalGrid.mam","D01","HARV","HARV_032","2013-09-09","2013-09-09",,,
"881886d6-1720-4254-ab36-9113df36f490","4809BC013ED044E0AC40D18E7FB948D7","HARV_021.mammalGrid.mam","D01","HARV","HARV_021","2013-09-09","2013-09-09",,,
"84287b47-0d95-40ad-aea9-3cd9c868bf66","4ADE5FADC81545FE96FF3B3C00C2AEF0","HARV_032.mammalGrid.mam","D01","HARV","HARV_032","2013-09-09","2013-09-09",,,
"1f8682ee-6054-45f6-8985-5bf00fbb4d21","12472EC778114881B1C5A003FCAF4245","HARV_008.mammalGrid.mam","D01","HARV","HARV_008","2013-09-09","2013-09-09",,,
"3458c7e6-c99c-44c4-b2e8-c01e6ca403d9","DF5EB9EFDCD54E0E81F544CC4F870AE8","HARV_021.mammalGrid.mam","D01","HARV","HARV_021","2013-09-10","2013-09-10",,,
"267fc874-548f-4a33-94cd-d8dd8dcf7d8b","EC524351E0A4461B9C3A50FC8F113559","HARV_032.mammalGrid.mam","D01","HARV","HARV_032","2013-09-11","2013-09-11",,,
"e5d33d8c-30ed-4f00-bf35-683b4f14e7ee","E1D45DF807E74DD6B39F835193EC9567","HARV_021.mammalGrid.mam","D01","HARV","HARV_021","2013-09-11","2013-09-11",,"one trap had no trapID, #5 specified in notes (means 'trap ID suspect'), contained BLBR specimen, released with no data recorded",
"cb84e210-09e1-442e-818c-b36d9a797324","1CF563B4C8694B20AF65288B7E982E7F","HARV_006.mammalGrid.mam","D01","HARV","HARV_006","2013-09-12","2013-09-12",,,
"9f4cf909-cd02-453c-a385-a64c29381182","43EC6F3D117745578BF651571DE810D1","HARV_023.mammalGrid.mam","D01","HARV","HARV_023","2013-09-12","2013-09-12",,,
"5dedeabd-cdf6-4a94-a0fa-ebfef03455d9","A7695588F97441F693F7A7C97DADE9CA","HARV_001.mammalGrid.mam","D01","HARV","HARV_001","2013-09-12","2013-09-12",,,
"a4ae278e-12d0-4238-8950-304c9607d14f","2191C798E78641FF814BD33C5C06702E","HARV_001.mammalGrid.mam","D01","HARV","HARV_001","2013-09-13","2013-09-13",,,
"51ca3b1e-c829-4d2b-9c22-d7632b9bcc06","6C4219DAA4A14C09A91E49629E1A68FF","HARV_006.mammalGrid.mam","D01","HARV","HARV_006","2013-09-13","2013-09-13",,,
"d66fc53c-0b83-477c-8a34-e5734d403500","9B76368EA865467DB5B5F083F3B95E01","HARV_023.mammalGrid.mam","D01","HARV","HARV_023","2013-09-13","2013-09-13",,,
"ecd1fdbc-4866-4401-a6e7-fe1f00a13a13","1BD1859B33F54774ABA82DA2979F26C0","HARV_006.mammalGrid.mam","D01","HARV","HARV_006","2013-09-14","2013-09-14",,,
"dafc4877-78a3-4d1c-9888-b25b7634c373","B6166C2ECE3D4090B8FD9A0044DD71F6","HARV_023.mammalGrid.mam","D01","HARV","HARV_023","2013-09-14","2013-09-14",,,
"c6a0f1b4-0b6f-4c65-af35-dcd1f709cb9a","B818D2BE5BAD41D89C582FD22942224E","HARV_001.mammalGrid.mam","D01","HARV","HARV_001","2013-09-14","2013-09-14",,,
"1409c34e-5f0d-4f53-9ae0-b5e631ed1577","64B8A9CCEFAD4125A6E5FE7976C3A0A1","HARV_032.mammalGrid.mam","D01","HARV","HARV_032","2013-09-30","2013-09-30",,,
"301a8ded-bf80-41a7-9a22-7c2d1a83bcac","7CAC2E12FF9E42B0AB1C526277D768BF","HARV_008.mammalGrid.mam","D01","HARV","HARV_008","2013-09-30","2013-09-30",,,
"04a2c52f-b064-44b5-8504-ea308cdde4b2","ADDE580C562A4880B64B62F43AE4086E","HARV_021.mammalGrid.mam","D01","HARV","HARV_021","2013-09-30","2013-09-30",,,
