uid,namedLocation,domainID,siteID,plotID,plotType,pointID,nlcdClass,decimalLatitude,decimalLongitude,geodeticDatum,coordinateUncertainty,elevation,elevationUncertainty,startDate,eventID,startCloudCoverPercentage,endCloudCoverPercentage,startRH,endRH,observedHabitat,observedAirTemp,kmPerHourObservedWindSpeed,laboratoryName,samplingProtocolVersion,remarks,measuredBy
"52f85784-b861-471d-9992-3d375d5be0a5","HARV_025.birdGrid.brd","D01","HARV","HARV_025","distributed","C1","mixedForest",42.477508,-72.273661,"WGS84",250.1,182.9,0.2,"2017-06-02T10Z","HARV_025.C1.2017-06-02T06:16-04:00[US/Eastern]",0,0,65,59,"deciduous forest",16,0,"Bird Conservancy of the Rockies","NEON.DOC.014041vH",,"JRUEB"
"29d116a4-acfb-4351-ad41-59ac238c8030","HARV_025.birdGrid.brd","D01","HARV","HARV_025","distributed","C2","mixedForest",42.477508,-72.273661,"WGS84",250.1,182.9,0.2,"2017-06-02T11Z","HARV_025.C2.2017-06-02T06:34-04:00[US/Eastern]",0,0,65,59,"mixed deciduous/evergreen forest",15,0,"Bird Conservancy of the Rockies","NEON.DOC.014041vH",,"JRUEB"
"970b4a0e-5070-4847-b54e-89f5aa3109f9","HARV_025.birdGrid.brd","D01","HARV","HARV_025","distributed","C3","mixedForest",42.477508,-72.273661,"WGS84",250.1,182.9,0.2,"2017-06-02T11Z","HARV_025.C3.2017-06-02T06:50-04:00[US/Eastern]",0,0,65,59,"deciduous forest",13,0,"Bird Conservancy of the Rockies","NEON.DOC.014041vH",,"JRUEB"
"d29ea6e2-f120-4a67-b738-b1cc360998ff","HARV_025.birdGrid.brd","D01","HARV","HARV_025","distributed","B3","mixedForest",42.477508,-72.273661,"WGS84",250.1,182.9,0.2,"2017-06-02T11Z","HARV_025.B3.2017-06-02T07:09-04:00[US/Eastern]",0,0,65,59,"mixed deciduous/evergreen forest",12,0,"Bird Conservancy of the Rockies","NEON.DOC.014041vH",,"JRUEB"
"1dc65ebf-3d70-448e-8787-f78b6f5284d4","HARV_025.birdGrid.brd","D01","HARV","HARV_025","distributed","A3","mixedForest",42.477508,-72.273661,"WGS84",250.1,182.9,0.2,"2017-06-02T11Z","HARV_025.A3.2017-06-02T07:27-04:00[US/Eastern]",0,0,65,59,"deciduous forest",13,0,"Bird Conservancy of the Rockies","NEON.DOC.014041vH",,"JRUEB"
"f9c22dc3-16ea-4579-ad5f-1879dd87ca2b","HARV_025.birdGrid.brd","D01","HARV","HARV_025","distributed","A2","mixedForest",42.477508,-72.273661,"WGS84",250.1,182.9,0.2,"2017-06-02T12Z","HARV_025.A2.2017-06-02T07:45-04:00[US/Eastern]",0,0,65,59,"mixed deciduous/evergreen forest",15,0,"Bird Conservancy of the Rockies","NEON.DOC.014041vH",,"JRUEB"
"a7f1f2b8-a750-487d-accf-8ba5b1300c18","HARV_025.birdGrid.brd","D01","HARV","HARV_025","distributed","A1","mixedForest",42.477508,-72.273661,"WGS84",250.1,182.9,0.2,"2017-06-02T12Z","HARV_025.A1.2017-06-02T08:04-04:00[US/Eastern]",0,0,65,59,"wetland",16,0,"Bird Conservancy of the Rockies","NEON.DOC.014041vH",,"JRUEB"
"9ba604e0-bda0-4399-ac6f-84f1c256ea93","HARV_025.birdGrid.brd","D01","HARV","HARV_025","distributed","B2","mixedForest",42.477508,-72.273661,"WGS84",250.1,182.9,0.2,"2017-06-02T13Z","HARV_025.B2.2017-06-02T08:33-04:00[US/Eastern]",0,0,65,59,"deciduous forest",15,0,"Bird Conservancy of the Rockies","NEON.DOC.014041vH",,"JRUEB"
"78d5884f-66a7-4995-b09c-054253d7ba89","HARV_025.birdGrid.brd","D01","HARV","HARV_025","distributed","B1","mixedForest",42.477508,-72.273661,"WGS84",250.1,182.9,0.2,"2017-06-02T13Z","HARV_025.B1.2017-06-02T08:51-04:00[US/Eastern]",0,0,65,59,"mixed deciduous/evergreen forest",16,0,"Bird Conservancy of the Rockies","NEON.DOC.014041vH",,"JRUEB"
"4933d1a4-016d-4c9f-9c9b-9b0e2d3d4434","HARV_016.birdGrid.brd","D01","HARV","HARV_016","distributed","C1","woodyWetlands",42.458224,-72.231982,"WGS84",250.2,232.8,0.3,"2017-06-03T10Z","HARV_016.C1.2017-06-03T06:01-04:00[US/Eastern]",20,40,63,67,"mixed deciduous/evergreen forest",10,0,"Bird Conservancy of the Rockies","NEON.DOC.014041vH",,"JRUEB"
"bb665cd5-66a6-4eb7-b686-ec59d96ab944","HARV_016.birdGrid.brd","D01","HARV","HARV_016","distributed","B1","woodyWetlands",42.458224,-72.231982,"WGS84",250.2,232.8,0.3,"2017-06-03T10Z","HARV_016.B1.2017-06-03T06:18-04:00[US/Eastern]",20,40,63,67,"mixed deciduous/evergreen forest",9,0,"Bird Conservancy of the Rockies","NEON.DOC.014041vH",,"JRUEB"
"510b46bf-a638-40a2-acfc-d5f42de0f693","HARV_016.birdGrid.brd","D01","HARV","HARV_016","distributed","C2","woodyWetlands",42.458224,-72.231982,"WGS84",250.2,232.8,0.3,"2017-06-03T11Z","HARV_016.C2.2017-06-03T06:49-04:00[US/Eastern]",20,40,63,67,"mixed deciduous/evergreen forest",10,0,"Bird Conservancy of the Rockies","NEON.DOC.014041vH",,"JRUEB"
"8ce11f98-b6ce-47ae-bc92-9d14dc8391c2","HARV_016.birdGrid.brd","D01","HARV","HARV_016","distributed","C3","woodyWetlands",42.458224,-72.231982,"WGS84",250.2,232.8,0.3,"2017-06-03T11Z","HARV_016.C3.2017-06-03T07:13-04:00[US/Eastern]",20,40,63,67,"mixed deciduous/evergreen forest",10,0,"Bird Conservancy of the Rockies","NEON.DOC.014041vH",,"JRUEB"
"319c84ca-b611-48d6-96ef-b3119fdd81b2","HARV_016.birdGrid.brd","D01","HARV","HARV_016","distributed","B3","woodyWetlands",42.458224,-72.231982,"WGS84",250.2,232.8,0.3,"2017-06-03T11Z","HARV_016.B3.2017-06-03T07:27-04:00[US/Eastern]",20,40,63,67,"mixed deciduous/evergreen forest",14,0,"Bird Conservancy of the Rockies","NEON.DOC.014041vH",,"JRUEB"
"c9f7bb32-5d1a-43fe-9cc4-1dd53818bd33","HARV_016.birdGrid.brd","D01","HARV","HARV_016","distributed","A3","woodyWetlands",42.458224,-72.231982,"WGS84",250.2,232.8,0.3,"2017-06-03T12Z","HARV_016.A3.2017-06-03T07:46-04:00[US/Eastern]",20,40,63,67,"mixed deciduous/evergreen forest",15,0,"Bird Conservancy of the Rockies","NEON.DOC.014041vH",,"JRUEB"
"024f0ec1-52f4-47a7-a679-bfc397f8a2c4","HARV_016.birdGrid.brd","D01","HARV","HARV_016","distributed","A2","woodyWetlands",42.458224,-72.231982,"WGS84",250.2,232.8,0.3,"2017-06-03T12Z","HARV_016.A2.2017-06-03T08:03-04:00[US/Eastern]",20,40,63,67,"deciduous forest",16,0,"Bird Conservancy of the Rockies","NEON.DOC.014041vH",,"JRUEB"
"c774a5d8-d98e-40e7-a6f2-fa9a80337b00","HARV_016.birdGrid.brd","D01","HARV","HARV_016","distributed","B2","woodyWetlands",42.458224,-72.231982,"WGS84",250.2,232.8,0.3,"2017-06-03T12Z","HARV_016.B2.2017-06-03T08:19-04:00[US/Eastern]",20,40,63,67,"mixed deciduous/evergreen forest",14,0,"Bird Conservancy of the Rockies","NEON.DOC.014041vH",,"JRUEB"
"39715f5b-260a-434f-a114-a4207920a22a","HARV_016.birdGrid.brd","D01","HARV","HARV_016","distributed","A1","woodyWetlands",42.458224,-72.231982,"WGS84",250.2,232.8,0.3,"2017-06-03T13Z","HARV_016.A1.2017-06-03T08:41-04:00[US/Eastern]",20,40,63,67,"mixed deciduous/evergreen forest",14,0,"Bird Conservancy of the Rockies","NEON.DOC.014041vH",,"JRUEB"
"a9720938-ab8a-4633-b52e-7f958ef074c1","HARV_014.birdGrid.brd","D01","HARV","HARV_014","distributed","A2","mixedForest",42.471348,-72.265421,"WGS84",250.3,204.0,0.4,"2017-06-07T11Z","HARV_014.A2.2017-06-07T06:48-04:00[US/Eastern]",100,100,66,80,"mixed deciduous/evergreen forest",14,1,"Bird Conservancy of the Rockies","NEON.DOC.014041vH",,"JRUEB"
"a302022b-f62f-486a-862b-ea58f3b5a452","HARV_014.birdGrid.brd","D01","HARV","HARV_014","distributed","A3","mixedForest",42.471348,-72.265421,"WGS84",250.3,204.0,0.4,"2017-06-07T11Z","HARV_014.A3.2017-06-07T07:04-04:00[US/Eastern]",100,100,66,80,"mixed deciduous/evergreen forest",14,1,"Bird Conservancy of the Rockies","NEON.DOC.014041vH",,"JRUEB"
"830c9ddc-731c-403a-99d3-d5100d710c74","HARV_014.birdGrid.brd","D01","HARV","HARV_014","distributed","B3","mixedForest",42.471348,-72.265421,"WGS84",250.3,204.0,0.4,"2017-06-07T11Z","HARV_014.B3.2017-06-07T07:20-04:00[US/Eastern]",100,100,66,80,"deciduous forest",15,2,"Bird Conservancy of the Rockies","NEON.DOC.014041vH",,"JRUEB"
"70ae589d-511f-4beb-b197-52d78a29ea2d","HARV_014.birdGrid.brd","D01","HARV","HARV_014","distributed","C3","mixedForest",42.471348,-72.265421,"WGS84",250.3,204.0,0.4,"2017-06-07T12Z","HARV_014.C3.2017-06-07T07:43-04:00[US/Eastern]",100,100,66,80,"mixed deciduous/evergreen forest",17,0,"Bird Conservancy of the Rockies","NEON.DOC.014041vH",,"JRUEB"
"1c60ebf5-9686-47d3-ab80-78aeedb2bce8","HARV_014.birdGrid.brd","D01","HARV","HARV_014","distributed","C2","mixedForest",42.471348,-72.265421,"WGS84",250.3,204.0,0.4,"2017-06-07T12Z","HARV_014.C2.2017-06-07T08:06-04:00[US/Eastern]",100,100,66,80,"mixed deciduous/evergreen forest",16,1,"Bird Conservancy of the Rockies","NEON.DOC.014041vH",,"JRUEB"
"4a3b1373-fa6d-4e96-880f-9bc0e2704eaf","HARV_014.birdGrid.brd","D01","HARV","HARV_014","distributed","C1","mixedForest",42.471348,-72.265421,"WGS84",250.3,204.0,0.4,"2017-06-07T13Z","HARV_014.C1.2017-06-07T08:34-04:00[US/Eastern]",100,100,66,80,"deciduous forest",16,3,"Bird Conservancy of the Rockies","NEON.DOC.014041vH",,"JRUEB"
"d4df29f2-ee25-4bc8-906b-dd008198d6dc","HARV_014.birdGrid.brd","D01","HARV","HARV_014","distributed","B1","mixedForest",42.471348,-72.265421,"WGS84",250.3,204.0,0.4,"2017-06-07T13Z","HARV_014.B1.2017-06-07T08:53-04:00[US/Eastern]",100,100,66,80,"mixed deciduous/evergreen forest",17,2,"Bird Conservancy of the Rockies","NEON.DOC.014041vH",,"JRUEB"
"6c472810-c051-4e36-9cf0-20135f7287ce","HARV_014.birdGrid.brd","D01","HARV","HARV_014","distributed","B2","mixedForest",42.471348,-72.265421,"WGS84",250.3,204.0,0.4,"2017-06-07T13Z","HARV_014.B2.2017-06-07T09:07-04:00[US/Eastern]",100,100,66,80,"mixed deciduous/evergreen forest",17,2,"Bird Conservancy of the Rockies","NEON.DOC.014041vH",,"JRUEB"
"feb7931f-02bf-4c19-99bb-478546ff4d84","HARV_014.birdGrid.brd","D01","HARV","HARV_014","distributed","A1","mixedForest",42.471348,-72.265421,"WGS84",250.3,204.0,0.4,"2017-06-07T13Z","HARV_014.A1.2017-06-07T09:22-04:00[US/Eastern]",100,100,66,80,"deciduous forest",17,2,"Bird Conservancy of the Rockies","NEON.DOC.014041vH",,"JRUEB"
"5ff0f131-e035-4497-a5ea-ca716c40fa53","HARV_024.birdGrid.brd","D01","HARV","HARV_024","distributed","C1","woodyWetlands",42.460362,-72.250883,"WGS84",250.2,177.1,0.2,"2017-06-08T10Z","HARV_024.C1.2017-06-08T06:07-04:00[US/Eastern]",0,0,80,79,"evergreen forest",10,0,"Bird Conservancy of the Rockies","NEON.DOC.014041vH","temperature logger is all over the place, may not be very accurate","JRUEB"
"8c9e2945-159d-48ce-8b3f-4c7cf5300b64","HARV_024.birdGrid.brd","D01","HARV","HARV_024","distributed","B1","woodyWetlands",42.460362,-72.250883,"WGS84",250.2,177.1,0.2,"2017-06-08T10Z","HARV_024.B1.2017-06-08T06:27-04:00[US/Eastern]",0,0,80,79,"mixed deciduous/evergreen forest",15,0,"Bird Conservancy of the Rockies","NEON.DOC.014041vH","temperature logger is all over the place, may not be very accurate","JRUEB"
"4a876f1a-ff2a-46db-94cf-99b848f7393b","HARV_024.birdGrid.brd","D01","HARV","HARV_024","distributed","A1","woodyWetlands",42.460362,-72.250883,"WGS84",250.2,177.1,0.2,"2017-06-08T11Z","HARV_024.A1.2017-06-08T06:44-04:00[US/Eastern]",0,0,80,79,"mixed deciduous/evergreen forest",11,0,"Bird Conservancy of the Rockies","NEON.DOC.014041vH","temperature logger is all over the place, may not be very accurate","JRUEB"
"27e828f2-15d4-4b3e-b821-ecf09248ef1c","HARV_024.birdGrid.brd","D01","HARV","HARV_024","distributed","B2","woodyWetlands",42.460362,-72.250883,"WGS84",250.2,177.1,0.2,"2017-06-08T11Z","HARV_024.B2.2017-06-08T07:09-04:00[US/Eastern]",0,0,80,79,"wetland",12,0,"Bird Conservancy of the Rockies","NEON.DOC.014041vH","temperature logger is all over the place, may not be very accurate","JRUEB"
"2af7e1a9-72c3-4fba-b904-ff94952f5fa6","HARV_024.birdGrid.brd","D01","HARV","HARV_024","distributed","C2","woodyWetlands",42.460362,-72.250883,"WGS84",250.2,177.1,0.2,"2017-06-08T11Z","HARV_024.C2.2017-06-08T07:27-04:00[US/Eastern]",0,0,80,79,"wetland",16,0,"Bird Conservancy of the Rockies","NEON.DOC.014041vH","temperature logger is all over the place, may not be very accurate","JRUEB"
"be28cd52-0353-436f-bd4c-27d49cde16c0","HARV_024.birdGrid.brd","D01","HARV","HARV_024","distributed","C3","woodyWetlands",42.460362,-72.250883,"WGS84",250.2,177.1,0.2,"2017-06-08T12Z","HARV_024.C3.2017-06-08T07:43-04:00[US/Eastern]",0,0,80,79,"evergreen forest",16,0,"Bird Conservancy of the Rockies","NEON.DOC.014041vH","temperature logger is all over the place, may not be very accurate","JRUEB"
"e31400b3-ca9c-4f19-935f-89741011415a","HARV_024.birdGrid.brd","D01","HARV","HARV_024","distributed","B3","woodyWetlands",42.460362,-72.250883,"WGS84",250.2,177.1,0.2,"2017-06-08T12Z","HARV_024.B3.2017-06-08T08:02-04:00[US/Eastern]",0,0,80,79,"wetland",17,0,"Bird Conservancy of the Rockies","NEON.DOC.014041vH","temperature logger is all over the place, may not be very accurate","JRUEB"
"44457ab5-1adf-454f-b8a8-a8cb90a8fbb2","HARV_024.birdGrid.brd","D01","HARV","HARV_024","distributed","A3","woodyWetlands",42.460362,-72.250883,"WGS84",250.2,177.1,0.2,"2017-06-08T12Z","HARV_024.A3.2017-06-08T08:15-04:00[US/Eastern]",0,0,80,79,"mixed deciduous/evergreen forest",17,0,"Bird Conservancy of the Rockies","NEON.DOC.014041vH","temperature logger is all over the place, may not be very accurate","JRUEB"
"65920876-5cde-4961-b909-bee531b74eb1","HARV_024.birdGrid.brd","D01","HARV","HARV_024","distributed","A2","woodyWetlands",42.460362,-72.250883,"WGS84",250.2,177.1,0.2,"2017-06-08T13Z","HARV_024.A2.2017-06-08T08:31-04:00[US/Eastern]",0,0,80,79,"mixed deciduous/evergreen forest",15,0,"Bird Conservancy of the Rockies","NEON.DOC.014041vH","temperature logger is all over the place, may not be very accurate","JRUEB"
"b9dd8f5d-c8d9-41fd-b432-2bbf76352afd","HARV_021.birdGrid.brd","D01","HARV","HARV_021","distributed","A2","evergreenForest",42.451400,-72.250100,"WGS84",250.2,175.1,0.3,"2017-06-08T13Z","HARV_021.A2.2017-06-08T09:05-04:00[US/Eastern]",0,0,74,73,"mixed deciduous/evergreen forest",14,0,"Bird Conservancy of the Rockies","NEON.DOC.014041vH","stopped due to running out of time","JRUEB"
"777e4340-3258-46d3-9d09-bc61466365fd","HARV_021.birdGrid.brd","D01","HARV","HARV_021","distributed","A3","evergreenForest",42.451400,-72.250100,"WGS84",250.2,175.1,0.3,"2017-06-08T13Z","HARV_021.A3.2017-06-08T09:22-04:00[US/Eastern]",0,0,74,73,"evergreen forest",16,0,"Bird Conservancy of the Rockies","NEON.DOC.014041vH","stopped due to running out of time","JRUEB"
"b3bed3ff-88a7-4e39-8d54-f69c8cfad4ff","HARV_021.birdGrid.brd","D01","HARV","HARV_021","distributed","A1","evergreenForest",42.451400,-72.250100,"WGS84",250.2,175.1,0.3,"2017-06-08T14Z","HARV_021.A1.2017-06-08T09:48-04:00[US/Eastern]",0,0,74,73,"deciduous forest",19,0,"Bird Conservancy of the Rockies","NEON.DOC.014041vH","stopped due to running out of time","JRUEB"
"f51820d2-74e0-4739-9e7a-59a921c3c27e","HARV_021.birdGrid.brd","D01","HARV","HARV_021","distributed","B2","evergreenForest",42.451400,-72.250100,"WGS84",250.2,175.1,0.3,"2017-06-09T10Z","HARV_021.B2.2017-06-09T06:10-04:00[US/Eastern]",40,10,70,76,"deciduous forest",16,0,"Bird Conservancy of the Rockies","NEON.DOC.014041vH","completed rest of surveys from day before when ran out of time","JRUEB"
"b7682dd8-33a2-4843-a15b-56b2295f27f7","HARV_021.birdGrid.brd","D01","HARV","HARV_021","distributed","B3","evergreenForest",42.451400,-72.250100,"WGS84",250.2,175.1,0.3,"2017-06-09T11Z","HARV_021.B3.2017-06-09T06:31-04:00[US/Eastern]",40,10,70,76,"mixed deciduous/evergreen forest",17,0,"Bird Conservancy of the Rockies","NEON.DOC.014041vH","completed rest of surveys from day before when ran out of time","JRUEB"
"85b66f03-3efb-446e-921b-6ce8fc5659e1","HARV_021.birdGrid.brd","D01","HARV","HARV_021","distributed","B1","evergreenForest",42.451400,-72.250100,"WGS84",250.2,175.1,0.3,"2017-06-09T11Z","HARV_021.B1.2017-06-09T06:58-04:00[US/Eastern]",40,10,70,76,"mixed deciduous/evergreen forest",17,0,"Bird Conservancy of the Rockies","NEON.DOC.014041vH","completed rest of surveys from day before when ran out of time","JRUEB"
"69bc2b9b-574f-4e19-8150-2b6fe7b34f39","HARV_021.birdGrid.brd","D01","HARV","HARV_021","distributed","C3","evergreenForest",42.451400,-72.250100,"WGS84",250.2,175.1,0.3,"2017-06-09T11Z","HARV_021.C3.2017-06-09T07:25-04:00[US/Eastern]",40,10,70,76,"mixed deciduous/evergreen forest",15,0,"Bird Conservancy of the Rockies","NEON.DOC.014041vH","completed rest of surveys from day before when ran out of time","JRUEB"
"6e7c0e19-3e09-4937-8b96-ef4524dd0164","HARV_021.birdGrid.brd","D01","HARV","HARV_021","distributed","C2","evergreenForest",42.451400,-72.250100,"WGS84",250.2,175.1,0.3,"2017-06-09T12Z","HARV_021.C2.2017-06-09T07:47-04:00[US/Eastern]",40,10,70,76,"mixed deciduous/evergreen forest",15,0,"Bird Conservancy of the Rockies","NEON.DOC.014041vH","completed rest of surveys from day before when ran out of time","JRUEB"
"b66c9a86-9040-4c8b-bad8-db12482345f9","HARV_021.birdGrid.brd","D01","HARV","HARV_021","distributed","C1","evergreenForest",42.451400,-72.250100,"WGS84",250.2,175.1,0.3,"2017-06-09T12Z","HARV_021.C1.2017-06-09T08:06-04:00[US/Eastern]",40,10,70,76,"mixed deciduous/evergreen forest",14,0,"Bird Conservancy of the Rockies","NEON.DOC.014041vH","completed rest of surveys from day before when ran out of time","JRUEB"
"2792afe4-e1ec-4aae-8416-9e7a1f4a6c48","HARV_008.birdGrid.brd","D01","HARV","HARV_008","distributed","A1","deciduousForest",42.443535,-72.224036,"WGS84",250.2,246.7,0.3,"2017-06-09T13Z","HARV_008.A1.2017-06-09T08:54-04:00[US/Eastern]",0,10,62,56,"deciduous forest",,,"Bird Conservancy of the Rockies","NEON.DOC.014041vH","ran out of time","JRUEB"
"7c87577d-b26e-47ed-8241-646dc342016f","HARV_008.birdGrid.brd","D01","HARV","HARV_008","distributed","A2","deciduousForest",42.443535,-72.224036,"WGS84",250.2,246.7,0.3,"2017-06-09T13Z","HARV_008.A2.2017-06-09T09:06-04:00[US/Eastern]",0,10,62,56,"deciduous forest",,,"Bird Conservancy of the Rockies","NEON.DOC.014041vH","ran out of time","JRUEB"
"8f0ba4fd-8c38-4d7b-b190-0d92dd92f750","HARV_008.birdGrid.brd","D01","HARV","HARV_008","distributed","A3","deciduousForest",42.443535,-72.224036,"WGS84",250.2,246.7,0.3,"2017-06-09T13Z","HARV_008.A3.2017-06-09T09:17-04:00[US/Eastern]",0,10,62,56,"mixed deciduous/evergreen forest",,,"Bird Conservancy of the Rockies","NEON.DOC.014041vH","ran out of time","JRUEB"
"43eaab5a-1c1a-457b-84fb-ec2283f42d65","HARV_008.birdGrid.brd","D01","HARV","HARV_008","distributed","B3","deciduousForest",42.443535,-72.224036,"WGS84",250.2,246.7,0.3,"2017-06-09T14Z","HARV_008.B3.2017-06-09T09:32-04:00[US/Eastern]",0,10,62,56,"deciduous forest",,,"Bird Conservancy of the Rockies","NEON.DOC.014041vH","ran out of time","JRUEB"
"e8715e0c-ab35-462d-b927-be5a8efe9eaa","HARV_008.birdGrid.brd","D01","HARV","HARV_008","distributed","C3","deciduousForest",42.443535,-72.224036,"WGS84",250.2,246.7,0.3,"2017-06-09T14Z","HARV_008.C3.2017-06-09T09:45-04:00[US/Eastern]",0,10,62,56,"deciduous forest",,,"Bird Conservancy of the Rockies","NEON.DOC.014041vH","ran out of time","JRUEB"
"076934cd-a11b-42c6-a07b-dce675831054","HARV_008.birdGrid.brd","D01","HARV","HARV_008","distributed","B1","deciduousForest",42.443535,-72.224036,"WGS84",250.2,246.7,0.3,"2017-06-10T10Z","HARV_008.B1.2017-06-10T05:55-04:00[US/Eastern]",0,0,57,72,"deciduous forest",17,0,"Bird Conservancy of the Rockies","NEON.DOC.014041vH","continued from day before","JRUEB"
"502b2730-31f3-4ef0-9d6d-498c1761418b","HARV_008.birdGrid.brd","D01","HARV","HARV_008","distributed","C1","deciduousForest",42.443535,-72.224036,"WGS84",250.2,246.7,0.3,"2017-06-10T10Z","HARV_008.C1.2017-06-10T06:13-04:00[US/Eastern]",0,0,57,72,"deciduous forest",17,0,"Bird Conservancy of the Rockies","NEON.DOC.014041vH","continued from day before","JRUEB"
"8cc78bbe-a54d-45c2-ba1a-eac607433219","HARV_008.birdGrid.brd","D01","HARV","HARV_008","distributed","B2","deciduousForest",42.443535,-72.224036,"WGS84",250.2,246.7,0.3,"2017-06-10T11Z","HARV_008.B2.2017-06-10T06:33-04:00[US/Eastern]",0,0,57,72,"deciduous forest",18,0,"Bird Conservancy of the Rockies","NEON.DOC.014041vH","continued from day before","JRUEB"
"a510d9e4-1935-40ff-8c14-e82ce419abb6","HARV_008.birdGrid.brd","D01","HARV","HARV_008","distributed","C2","deciduousForest",42.443535,-72.224036,"WGS84",250.2,246.7,0.3,"2017-06-10T11Z","HARV_008.C2.2017-06-10T06:49-04:00[US/Eastern]",0,0,57,72,"deciduous forest",16,0,"Bird Conservancy of the Rockies","NEON.DOC.014041vH","continued from day before","JRUEB"
"6598884b-dadf-4dd7-9a70-d0e60fd19395","HARV_004.birdGrid.brd","D01","HARV","HARV_004","distributed","B1","mixedForest",42.427892,-72.228126,"WGS84",250.1,185.7,0.1,"2017-06-10T11Z","HARV_004.B1.2017-06-10T07:23-04:00[US/Eastern]",0,0,65,72,"mixed deciduous/evergreen forest",17,0,"Bird Conservancy of the Rockies","NEON.DOC.014041vH",,"JRUEB"
"1f19adfd-2c28-4228-a0c2-3bcbb8a6ada7","HARV_004.birdGrid.brd","D01","HARV","HARV_004","distributed","C1","mixedForest",42.427892,-72.228126,"WGS84",250.1,185.7,0.1,"2017-06-10T12Z","HARV_004.C1.2017-06-10T07:39-04:00[US/Eastern]",0,0,65,72,"mixed deciduous/evergreen forest",17,0,"Bird Conservancy of the Rockies","NEON.DOC.014041vH",,"JRUEB"
"1ef81ead-64d8-4cae-9937-d7118c2dbcea","HARV_004.birdGrid.brd","D01","HARV","HARV_004","distributed","C2","mixedForest",42.427892,-72.228126,"WGS84",250.1,185.7,0.1,"2017-06-10T12Z","HARV_004.C2.2017-06-10T07:55-04:00[US/Eastern]",0,0,65,72,"mixed deciduous/evergreen forest",17,0,"Bird Conservancy of the Rockies","NEON.DOC.014041vH",,"JRUEB"
"ab3ed197-6aa1-4462-ae9f-99742f006486","HARV_004.birdGrid.brd","D01","HARV","HARV_004","distributed","C3","mixedForest",42.427892,-72.228126,"WGS84",250.1,185.7,0.1,"2017-06-10T12Z","HARV_004.C3.2017-06-10T08:12-04:00[US/Eastern]",0,0,65,72,"mixed deciduous/evergreen forest",17,0,"Bird Conservancy of the Rockies","NEON.DOC.014041vH",,"JRUEB"
"66e09be6-9a04-4e2b-b2eb-2117a4a0aba0","HARV_004.birdGrid.brd","D01","HARV","HARV_004","distributed","B3","mixedForest",42.427892,-72.228126,"WGS84",250.1,185.7,0.1,"2017-06-10T13Z","HARV_004.B3.2017-06-10T08:30-04:00[US/Eastern]",0,0,65,72,"mixed deciduous/evergreen forest",18,0,"Bird Conservancy of the Rockies","NEON.DOC.014041vH",,"JRUEB"
"34afac7d-8003-41c3-94d1-f2d3d6a06677","HARV_004.birdGrid.brd","D01","HARV","HARV_004","distributed","A3","mixedForest",42.427892,-72.228126,"WGS84",250.1,185.7,0.1,"2017-06-10T13Z","HARV_004.A3.2017-06-10T08:47-04:00[US/Eastern]",0,0,65,72,"mixed deciduous/evergreen forest",20,0,"Bird Conservancy of the Rockies","NEON.DOC.014041vH",,"JRUEB"
"dcd55936-a8bc-4ca8-a459-bf36f2f24292","HARV_004.birdGrid.brd","D01","HARV","HARV_004","distributed","A2","mixedForest",42.427892,-72.228126,"WGS84",250.1,185.7,0.1,"2017-06-10T13Z","HARV_004.A2.2017-06-10T09:00-04:00[US/Eastern]",0,0,65,72,"mixed deciduous/evergreen forest",21,0,"Bird Conservancy of the Rockies","NEON.DOC.014041vH",,"JRUEB"
"8e5d1ea5-9265-425f-be2e-3f40fcb66116","HARV_004.birdGrid.brd","D01","HARV","HARV_004","distributed","B2","mixedForest",42.427892,-72.228126,"WGS84",250.1,185.7,0.1,"2017-06-10T13Z","HARV_004.B2.2017-06-10T09:19-04:00[US/Eastern]",0,0,65,72,"mixed deciduous/evergreen forest",20,0,"Bird Conservancy of the Rockies","NEON.DOC.014041vH",,"JRUEB"
"1737bd66-c4be-4dfe-8c2f-13f05c746942","HARV_004.birdGrid.brd","D01","HARV","HARV_004","distributed","A1","mixedForest",42.427892,-72.228126,"WGS84",250.1,185.7,0.1,"2017-06-10T14Z","HARV_004.A1.2017-06-10T09:38-04:00[US/Eastern]",0,0,65,72,"mixed deciduous/evergreen forest",22,0,"Bird Conservancy of the Rockies","NEON.DOC.014041vH",,"JRUEB"
"2b47d19f-eb4d-4f50-a3fa-d972fd900e9c","HARV_012.birdGrid.brd","D01","HARV","HARV_012","distributed","A3","deciduousForest",42.429715,-72.239787,"WGS84",250.2,234.0,0.3,"2017-06-13T10Z","HARV_012.A3.2017-06-13T05:35-04:00[US/Eastern]",30,0,70,70,"mixed deciduous/evergreen forest",22,0,"Bird Conservancy of the Rockies","NEON.DOC.014041vH",,"JRUEB"
"49d95c46-99a1-4e26-89a0-def7033e39d5","HARV_012.birdGrid.brd","D01","HARV","HARV_012","distributed","A2","deciduousForest",42.429715,-72.239787,"WGS84",250.2,234.0,0.3,"2017-06-13T10Z","HARV_012.A2.2017-06-13T05:51-04:00[US/Eastern]",30,0,70,70,"mixed deciduous/evergreen forest",20,0,"Bird Conservancy of the Rockies","NEON.DOC.014041vH",,"JRUEB"
"77ffece4-9c3f-452b-9a72-f45c03c64754","HARV_012.birdGrid.brd","D01","HARV","HARV_012","distributed","A1","deciduousForest",42.429715,-72.239787,"WGS84",250.2,234.0,0.3,"2017-06-13T10Z","HARV_012.A1.2017-06-13T06:06-04:00[US/Eastern]",30,0,70,70,"deciduous forest",20,0,"Bird Conservancy of the Rockies","NEON.DOC.014041vH",,"JRUEB"
"ba469408-4cbd-4d2a-aae9-746760635ded","HARV_012.birdGrid.brd","D01","HARV","HARV_012","distributed","B1","deciduousForest",42.429715,-72.239787,"WGS84",250.2,234.0,0.3,"2017-06-13T10Z","HARV_012.B1.2017-06-13T06:21-04:00[US/Eastern]",30,0,70,70,"deciduous forest",21,0,"Bird Conservancy of the Rockies","NEON.DOC.014041vH",,"JRUEB"
"c5e391ad-bf50-4ab5-a8a8-1fa95ee4522a","HARV_012.birdGrid.brd","D01","HARV","HARV_012","distributed","B2","deciduousForest",42.429715,-72.239787,"WGS84",250.2,234.0,0.3,"2017-06-13T11Z","HARV_012.B2.2017-06-13T06:36-04:00[US/Eastern]",30,0,70,70,"mixed deciduous/evergreen forest",22,0,"Bird Conservancy of the Rockies","NEON.DOC.014041vH",,"JRUEB"
"ab9d0674-38e2-4b72-9b7e-fa6393798152","HARV_012.birdGrid.brd","D01","HARV","HARV_012","distributed","B3","deciduousForest",42.429715,-72.239787,"WGS84",250.2,234.0,0.3,"2017-06-13T11Z","HARV_012.B3.2017-06-13T06:49-04:00[US/Eastern]",30,0,70,70,"mixed deciduous/evergreen forest",24,0,"Bird Conservancy of the Rockies","NEON.DOC.014041vH",,"JRUEB"
"b35e9b0d-6f3b-494a-8e7e-29fa736f0b4c","HARV_012.birdGrid.brd","D01","HARV","HARV_012","distributed","C3","deciduousForest",42.429715,-72.239787,"WGS84",250.2,234.0,0.3,"2017-06-13T11Z","HARV_012.C3.2017-06-13T07:02-04:00[US/Eastern]",30,0,70,70,"mixed deciduous/evergreen forest",24,2,"Bird Conservancy of the Rockies","NEON.DOC.014041vH",,"JRUEB"
"9a64b0ce-a02b-41ac-92c1-007f91da114b","HARV_012.birdGrid.brd","D01","HARV","HARV_012","distributed","C2","deciduousForest",42.429715,-72.239787,"WGS84",250.2,234.0,0.3,"2017-06-13T11Z","HARV_012.C2.2017-06-13T07:14-04:00[US/Eastern]",30,0,70,70,"deciduous forest",25,0,"Bird Conservancy of the Rockies","NEON.DOC.014041vH",,"JRUEB"
"e6b2f399-f154-4985-bfc2-937827e44a30","HARV_012.birdGrid.brd","D01","HARV","HARV_012","distributed","C1","deciduousForest",42.429715,-72.239787,"WGS84",250.2,234.0,0.3,"2017-06-13T11Z","HARV_012.C1.2017-06-13T07:28-04:00[US/Eastern]",30,0,70,70,"mixed deciduous/evergreen forest",24,1,"Bird Conservancy of the Rockies","NEON.DOC.014041vH",,"JRUEB"
"5d765655-ba45-4a32-b15e-e83844fe08b4","HARV_001.birdGrid.brd","D01","HARV","HARV_001","distributed","B1","deciduousForest",42.422491,-72.257323,"WGS84",250.2,183.8,0.2,"2017-06-13T12Z","HARV_001.B1.2017-06-13T07:54-04:00[US/Eastern]",0,0,74,70,"mixed deciduous/evergreen forest",23,0,"Bird Conservancy of the Rockies","NEON.DOC.014041vH",,"JRUEB"
"c69e6a49-9e0e-4a6e-bdbc-080b49e16781","HARV_001.birdGrid.brd","D01","HARV","HARV_001","distributed","B2","deciduousForest",42.422491,-72.257323,"WGS84",250.2,183.8,0.2,"2017-06-13T12Z","HARV_001.B2.2017-06-13T08:08-04:00[US/Eastern]",0,0,74,70,"deciduous forest",25,0,"Bird Conservancy of the Rockies","NEON.DOC.014041vH",,"JRUEB"
"15f98ced-9e8c-44a3-9286-b5b369fac112","HARV_001.birdGrid.brd","D01","HARV","HARV_001","distributed","B3","deciduousForest",42.422491,-72.257323,"WGS84",250.2,183.8,0.2,"2017-06-13T12Z","HARV_001.B3.2017-06-13T08:21-04:00[US/Eastern]",0,0,74,70,"mixed deciduous/evergreen forest",25,0,"Bird Conservancy of the Rockies","NEON.DOC.014041vH",,"JRUEB"
"8006fcf0-37ad-46c2-ab1a-b4347ca88da8","HARV_001.birdGrid.brd","D01","HARV","HARV_001","distributed","C3","deciduousForest",42.422491,-72.257323,"WGS84",250.2,183.8,0.2,"2017-06-13T13Z","HARV_001.C3.2017-06-13T08:37-04:00[US/Eastern]",0,0,74,70,"mixed deciduous/evergreen forest",25,1,"Bird Conservancy of the Rockies","NEON.DOC.014041vH",,"JRUEB"
"dcda817c-5380-4b2c-9618-7fffb02df146","HARV_001.birdGrid.brd","D01","HARV","HARV_001","distributed","C2","deciduousForest",42.422491,-72.257323,"WGS84",250.2,183.8,0.2,"2017-06-13T13Z","HARV_001.C2.2017-06-13T08:52-04:00[US/Eastern]",0,0,74,70,"mixed deciduous/evergreen forest",27,1,"Bird Conservancy of the Rockies","NEON.DOC.014041vH",,"JRUEB"
"23cacef3-4faf-47c5-9224-4a66920d2a0a","HARV_001.birdGrid.brd","D01","HARV","HARV_001","distributed","C1","deciduousForest",42.422491,-72.257323,"WGS84",250.2,183.8,0.2,"2017-06-13T13Z","HARV_001.C1.2017-06-13T09:08-04:00[US/Eastern]",0,0,74,70,"deciduous forest",27,1,"Bird Conservancy of the Rockies","NEON.DOC.014041vH",,"JRUEB"
"abaad1b9-d397-4c71-be92-57fbc25058ba","HARV_001.birdGrid.brd","D01","HARV","HARV_001","distributed","A1","deciduousForest",42.422491,-72.257323,"WGS84",250.2,183.8,0.2,"2017-06-13T14Z","HARV_001.A1.2017-06-13T09:34-04:00[US/Eastern]",0,0,74,70,"mixed deciduous/evergreen forest",26,0,"Bird Conservancy of the Rockies","NEON.DOC.014041vH",,"JRUEB"
"0c5e475f-27ec-4bd4-b23f-c704cfda925a","HARV_001.birdGrid.brd","D01","HARV","HARV_001","distributed","A2","deciduousForest",42.422491,-72.257323,"WGS84",250.2,183.8,0.2,"2017-06-13T14Z","HARV_001.A2.2017-06-13T09:47-04:00[US/Eastern]",0,0,74,70,"deciduous forest",26,0,"Bird Conservancy of the Rockies","NEON.DOC.014041vH",,"JRUEB"
"89d37c4b-6f5c-445d-88c6-ec023b4cbe79","HARV_001.birdGrid.brd","D01","HARV","HARV_001","distributed","A3","deciduousForest",42.422491,-72.257323,"WGS84",250.2,183.8,0.2,"2017-06-13T14Z","HARV_001.A3.2017-06-13T10:03-04:00[US/Eastern]",0,0,74,70,"mixed deciduous/evergreen forest",26,0,"Bird Conservancy of the Rockies","NEON.DOC.014041vH",,"JRUEB"
"40b0ad30-2d48-4358-8724-f9414f4e664b","HARV_006.birdGrid.brd","D01","HARV","HARV_006","distributed","A1","deciduousForest",42.401149,-72.253238,"WGS84",250.1,196.5,0.2,"2017-06-14T10Z","HARV_006.A1.2017-06-14T06:18-04:00[US/Eastern]",40,0,56,63,"mixed deciduous/evergreen forest",16,2,"Bird Conservancy of the Rockies","NEON.DOC.014041vH",,"JRUEB"
"599e4f99-9b31-4a8f-8d06-588257da432d","HARV_006.birdGrid.brd","D01","HARV","HARV_006","distributed","B1","deciduousForest",42.401149,-72.253238,"WGS84",250.1,196.5,0.2,"2017-06-14T11Z","HARV_006.B1.2017-06-14T06:33-04:00[US/Eastern]",40,0,56,63,"mixed deciduous/evergreen forest",17,0,"Bird Conservancy of the Rockies","NEON.DOC.014041vH",,"JRUEB"
"99e8b50b-5baa-443b-b4ea-5af63b7d8934","HARV_006.birdGrid.brd","D01","HARV","HARV_006","distributed","C1","deciduousForest",42.401149,-72.253238,"WGS84",250.1,196.5,0.2,"2017-06-14T11Z","HARV_006.C1.2017-06-14T06:46-04:00[US/Eastern]",40,0,56,63,"mixed deciduous/evergreen forest",16,0,"Bird Conservancy of the Rockies","NEON.DOC.014041vH",,"JRUEB"
"fd13e807-9672-425f-aab1-fbb37d247425","HARV_006.birdGrid.brd","D01","HARV","HARV_006","distributed","C2","deciduousForest",42.401149,-72.253238,"WGS84",250.1,196.5,0.2,"2017-06-14T11Z","HARV_006.C2.2017-06-14T07:03-04:00[US/Eastern]",40,0,56,63,"mixed deciduous/evergreen forest",17,0,"Bird Conservancy of the Rockies","NEON.DOC.014041vH",,"JRUEB"
"87475cab-c22d-440d-9c7d-1faac00009db","HARV_006.birdGrid.brd","D01","HARV","HARV_006","distributed","C3","deciduousForest",42.401149,-72.253238,"WGS84",250.1,196.5,0.2,"2017-06-14T11Z","HARV_006.C3.2017-06-14T07:16-04:00[US/Eastern]",40,0,56,63,"mixed deciduous/evergreen forest",16,0,"Bird Conservancy of the Rockies","NEON.DOC.014041vH",,"JRUEB"
"ae69a03b-f7df-4fc7-8655-dc2ff950e0a5","HARV_006.birdGrid.brd","D01","HARV","HARV_006","distributed","A2","deciduousForest",42.401149,-72.253238,"WGS84",250.1,196.5,0.2,"2017-06-14T12Z","HARV_006.A2.2017-06-14T07:33-04:00[US/Eastern]",40,0,56,63,"deciduous forest",17,0,"Bird Conservancy of the Rockies","NEON.DOC.014041vH",,"JRUEB"
"17aa8a4f-becc-4be5-a01c-3bfd820a97c6","HARV_006.birdGrid.brd","D01","HARV","HARV_006","distributed","B2","deciduousForest",42.401149,-72.253238,"WGS84",250.1,196.5,0.2,"2017-06-14T12Z","HARV_006.B2.2017-06-14T07:48-04:00[US/Eastern]",40,0,56,63,"deciduous forest",19,0,"Bird Conservancy of the Rockies","NEON.DOC.014041vH",,"JRUEB"
"dcf711d7-4163-41b9-9037-b520188896a5","HARV_006.birdGrid.brd","D01","HARV","HARV_006","distributed","A3","deciduousForest",42.401149,-72.253238,"WGS84",250.1,196.5,0.2,"2017-06-14T12Z","HARV_006.A3.2017-06-14T08:03-04:00[US/Eastern]",40,0,56,63,"deciduous forest",20,1,"Bird Conservancy of the Rockies","NEON.DOC.014041vH",,"JRUEB"
"67eb99b8-10c9-43ce-82cb-757bf751762e","HARV_006.birdGrid.brd","D01","HARV","HARV_006","distributed","B3","deciduousForest",42.401149,-72.253238,"WGS84",250.1,196.5,0.2,"2017-06-14T12Z","HARV_006.B3.2017-06-14T08:17-04:00[US/Eastern]",40,0,56,63,"deciduous forest",21,2,"Bird Conservancy of the Rockies","NEON.DOC.014041vH",,"JRUEB"
"da6750f1-0736-4575-93b4-7c3b7ab6ff47","HARV_013.birdGrid.brd","D01","HARV","HARV_013","distributed","A1","evergreenForest",42.392611,-72.253227,"WGS84",250.3,184.8,0.4,"2017-06-14T13Z","HARV_013.A1.2017-06-14T08:37-04:00[US/Eastern]",0,5,56,43,"mixed deciduous/evergreen forest",21,1,"Bird Conservancy of the Rockies","NEON.DOC.014041vH","stopped - ran out of time","JRUEB"
"db4385a3-79a6-41bd-aeb8-8970aee31a88","HARV_013.birdGrid.brd","D01","HARV","HARV_013","distributed","B1","evergreenForest",42.392611,-72.253227,"WGS84",250.3,184.8,0.4,"2017-06-14T13Z","HARV_013.B1.2017-06-14T08:59-04:00[US/Eastern]",0,5,56,43,"evergreen forest",21,2,"Bird Conservancy of the Rockies","NEON.DOC.014041vH","stopped - ran out of time","JRUEB"
"1eee0a1a-171f-4de0-9803-7c814754f150","HARV_013.birdGrid.brd","D01","HARV","HARV_013","distributed","B2","evergreenForest",42.392611,-72.253227,"WGS84",250.3,184.8,0.4,"2017-06-14T13Z","HARV_013.B2.2017-06-14T09:21-04:00[US/Eastern]",0,5,56,43,"mixed deciduous/evergreen forest",20,2,"Bird Conservancy of the Rockies","NEON.DOC.014041vH","stopped - ran out of time","JRUEB"
"6b9a1c39-3083-4059-9d15-e17b421224de","HARV_013.birdGrid.brd","D01","HARV","HARV_013","distributed","C2","evergreenForest",42.392611,-72.253227,"WGS84",250.3,184.8,0.4,"2017-06-14T14Z","HARV_013.C2.2017-06-14T09:36-04:00[US/Eastern]",0,5,56,43,"mixed deciduous/evergreen forest",25,1,"Bird Conservancy of the Rockies","NEON.DOC.014041vH","stopped - ran out of time","JRUEB"
"c41b7130-eb55-4648-85f7-a413029a2a71","HARV_013.birdGrid.brd","D01","HARV","HARV_013","distributed","C1","evergreenForest",42.392611,-72.253227,"WGS84",250.3,184.8,0.4,"2017-06-14T14Z","HARV_013.C1.2017-06-14T09:50-04:00[US/Eastern]",0,5,56,43,"deciduous forest",29,3,"Bird Conservancy of the Rockies","NEON.DOC.014041vH","stopped - ran out of time","JRUEB"
"694f97f2-acc3-4f62-aae0-d461e5690e4f","HARV_013.birdGrid.brd","D01","HARV","HARV_013","distributed","A2","evergreenForest",42.392611,-72.253227,"WGS84",250.3,184.8,0.4,"2017-06-15T11Z","HARV_013.A2.2017-06-15T06:35-04:00[US/Eastern]",20,30,71,52,"mixed deciduous/evergreen forest",14,0,"Bird Conservancy of the Rockies","NEON.DOC.014041vH","continued from day before","JRUEB"
"f2e0e1b6-92ee-428e-9ebd-2f6e376201b2","HARV_013.birdGrid.brd","D01","HARV","HARV_013","distributed","C3","evergreenForest",42.392611,-72.253227,"WGS84",250.3,184.8,0.4,"2017-06-15T11Z","HARV_013.C3.2017-06-15T07:05-04:00[US/Eastern]",20,30,71,52,"mixed deciduous/evergreen forest",16,0,"Bird Conservancy of the Rockies","NEON.DOC.014041vH","continued from day before","JRUEB"
"4400ae86-d6d8-4454-86ae-9636b0310c83","HARV_013.birdGrid.brd","D01","HARV","HARV_013","distributed","B3","evergreenForest",42.392611,-72.253227,"WGS84",250.3,184.8,0.4,"2017-06-15T11Z","HARV_013.B3.2017-06-15T07:20-04:00[US/Eastern]",20,30,71,52,"mixed deciduous/evergreen forest",17,2,"Bird Conservancy of the Rockies","NEON.DOC.014041vH","continued from day before","JRUEB"
"625ab1a4-9491-44fc-a1b1-023acb6eaa26","HARV_013.birdGrid.brd","D01","HARV","HARV_013","distributed","A3","evergreenForest",42.392611,-72.253227,"WGS84",250.3,184.8,0.4,"2017-06-15T12Z","HARV_013.A3.2017-06-15T07:34-04:00[US/Eastern]",20,30,71,52,"riparian",17,1,"Bird Conservancy of the Rockies","NEON.DOC.014041vH","continued from day before","JRUEB"
"d888fd37-88de-448f-b444-34864005ea31","HARV_023.birdGrid.brd","D01","HARV","HARV_023","distributed","B1","evergreenForest",42.414919,-72.228418,"WGS84",250.2,180.5,0.2,"2017-06-15T12Z","HARV_023.B1.2017-06-15T08:00-04:00[US/Eastern]",0,0,53,46,"mixed deciduous/evergreen forest",17,1,"Bird Conservancy of the Rockies","NEON.DOC.014041vH",,"JRUEB"
"549acb28-b4fb-4f16-8b23-561a962ebb40","HARV_023.birdGrid.brd","D01","HARV","HARV_023","distributed","A1","evergreenForest",42.414919,-72.228418,"WGS84",250.2,180.5,0.2,"2017-06-15T12Z","HARV_023.A1.2017-06-15T08:27-04:00[US/Eastern]",0,0,53,46,"mixed deciduous/evergreen forest",17,0,"Bird Conservancy of the Rockies","NEON.DOC.014041vH",,"JRUEB"
"de2b79c7-70cf-484f-b164-f484974b48a7","HARV_023.birdGrid.brd","D01","HARV","HARV_023","distributed","C1","evergreenForest",42.414919,-72.228418,"WGS84",250.2,180.5,0.2,"2017-06-15T13Z","HARV_023.C1.2017-06-15T08:45-04:00[US/Eastern]",0,0,53,46,"evergreen forest",20,2,"Bird Conservancy of the Rockies","NEON.DOC.014041vH",,"JRUEB"
"500df28e-6741-4486-9b48-0ef91dbcc024","HARV_023.birdGrid.brd","D01","HARV","HARV_023","distributed","B2","evergreenForest",42.414919,-72.228418,"WGS84",250.2,180.5,0.2,"2017-06-15T13Z","HARV_023.B2.2017-06-15T08:59-04:00[US/Eastern]",0,0,53,46,"mixed deciduous/evergreen forest",21,0,"Bird Conservancy of the Rockies","NEON.DOC.014041vH",,"JRUEB"
"a84eda91-c502-4002-b2fc-2d8692d2af47","HARV_023.birdGrid.brd","D01","HARV","HARV_023","distributed","A2","evergreenForest",42.414919,-72.228418,"WGS84",250.2,180.5,0.2,"2017-06-15T13Z","HARV_023.A2.2017-06-15T09:17-04:00[US/Eastern]",0,0,53,46,"mixed deciduous/evergreen forest",20,2,"Bird Conservancy of the Rockies","NEON.DOC.014041vH",,"JRUEB"
"b3fbccaf-d88d-4d85-ada9-3057a5d48cef","HARV_023.birdGrid.brd","D01","HARV","HARV_023","distributed","C2","evergreenForest",42.414919,-72.228418,"WGS84",250.2,180.5,0.2,"2017-06-15T14Z","HARV_023.C2.2017-06-15T09:36-04:00[US/Eastern]",0,0,53,46,"evergreen forest",21,2,"Bird Conservancy of the Rockies","NEON.DOC.014041vH",,"JRUEB"
"b18eeadb-5678-4ea4-9955-ee73d0919c83","HARV_023.birdGrid.brd","D01","HARV","HARV_023","distributed","C3","evergreenForest",42.414919,-72.228418,"WGS84",250.2,180.5,0.2,"2017-06-15T14Z","HARV_023.C3.2017-06-15T09:53-04:00[US/Eastern]",0,0,53,46,"mixed deciduous/evergreen forest",21,1,"Bird Conservancy of the Rockies","NEON.DOC.014041vH",,"JRUEB"
"e08b42fb-c599-4ffc-ade7-ba56975a63d4","HARV_023.birdGrid.brd","D01","HARV","HARV_023","distributed","B3","evergreenForest",42.414919,-72.228418,"WGS84",250.2,180.5,0.2,"2017-06-15T14Z","HARV_023.B3.2017-06-15T10:12-04:00[US/Eastern]",0,0,53,46,"mixed deciduous/evergreen forest",21,2,"Bird Conservancy of the Rockies","NEON.DOC.014041vH",,"JRUEB"
"a833f5c7-b57d-41bf-8b70-f6a055c623d2","HARV_023.birdGrid.brd","D01","HARV","HARV_023","distributed","A3","evergreenForest",42.414919,-72.228418,"WGS84",250.2,180.5,0.2,"2017-06-15T14Z","HARV_023.A3.2017-06-15T10:25-04:00[US/Eastern]",0,0,53,46,"mixed deciduous/evergreen forest",20,3,"Bird Conservancy of the Rockies","NEON.DOC.014041vH",,"JRUEB"
