uid,nightuid,namedLocation,domainID,siteID,plotID,collectDate,endDate,samplingProtocolVersion,remarks,dataQF
"77af641e-363d-46ab-a82d-518a88f0ede7","B859C1B10A1E484EAE34241CB7D73723","HARV_023.mammalGrid.mam","D01","HARV","HARV_023","2016-06-01","2016-06-01","NEON.DOC.000481vG",,
"6feb3625-7e5a-4921-9783-f8104078ccac","F19A2F989E0A4CD6A5720AA333C9CF7F","HARV_008.mammalGrid.mam","D01","HARV","HARV_008","2016-06-01","2016-06-01","NEON.DOC.000481vG",,
"2e0a37f1-01d7-43d8-867f-a4d3a0e25321","967538B4E9F74A64A3A9A3DDB5BF531F","HARV_021.mammalGrid.mam","D01","HARV","HARV_021","2016-06-01","2016-06-01","NEON.DOC.000481vG",,
"cec383bf-9ff0-4743-bac2-afde4e13d218","D1A1E0977D3B408E9D2E35BAD266C5BB","HARV_008.mammalGrid.mam","D01","HARV","HARV_008","2016-06-02","2016-06-02","NEON.DOC.000481vD",,
"d5a4d2d8-25e2-4f2e-a0f8-b30159bf4247","0C46842D096B4BC9A5A97FFE567D8065","HARV_023.mammalGrid.mam","D01","HARV","HARV_023","2016-06-02","2016-06-02","NEON.DOC.000481vD",,
"466dea09-cc81-441a-a44d-e302da349c62","B1F9A671D0FF4FA2BC352ADEEBDF4D9B","HARV_021.mammalGrid.mam","D01","HARV","HARV_021","2016-06-02","2016-06-02","NEON.DOC.000481vD",,
"537d6a66-cadb-4422-8406-eb824b897950","5DCF8CEAE4BE4603AB492E0B6EFEFCA9","HARV_023.mammalGrid.mam","D01","HARV","HARV_023","2016-06-03","2016-06-03","NEON.DOC.000481vG",,
"cdc20357-4a9f-45fb-b196-50e63bda6036","2B4D3818C03149C1B39B66698836687C","HARV_008.mammalGrid.mam","D01","HARV","HARV_008","2016-06-03","2016-06-03","NEON.DOC.000481vG",,
"dda35826-68ed-471e-b04e-a720420cdf25","0B46BBB76ED94E7B9FDC67930B8B5DEA","HARV_021.mammalGrid.mam","D01","HARV","HARV_021","2016-06-03","2016-06-03","NEON.DOC.000481vG",,
"3da40646-9f10-4bc6-a20d-847e32dd51c7","61C5FFD9892649C2AFB99D42D1E5132B","HARV_032.mammalGrid.mam","D01","HARV","HARV_032","2016-06-04","2016-06-04","NEON.DOC.000481vG",,
"fcb3fdc6-adb1-493b-93a5-edb518d457fa","3EFF24EEAF9E48CD8802F5FB36050A57","HARV_014.mammalGrid.mam","D01","HARV","HARV_014","2016-06-04","2016-06-04","NEON.DOC.000481vG",,
"b5a98faa-d83b-4179-a497-68ea91fd463b","3D485BD4497A4E45B3FEC22442A6A35C","HARV_006.mammalGrid.mam","D01","HARV","HARV_006","2016-06-04","2016-06-04","NEON.DOC.000481vG",,
"456867a1-61be-4790-a498-df1991dd3ca7","FF4B27B902E04F3F92D97055D4CBF53E","HARV_001.mammalGrid.mam","D01","HARV","HARV_001","2016-06-05","2016-06-05","NEON.DOC.000481vG",,
"63e427fe-60e5-4191-9473-47cdf2139eda","2F4DEBFBCE09410E828A5A0ED9E330D4","HARV_010.mammalGrid.mam","D01","HARV","HARV_010","2016-06-05","2016-06-05","NEON.DOC.000481vG",,
"87b19442-74c2-47ba-b73e-af2ca9ecc6f6","E80CC5A841404016BC855F34013BBC8A","HARV_023.mammalGrid.mam","D01","HARV","HARV_023","2016-06-27","2016-06-27","NEON.DOC.000481vD",,
"2fe97e1e-f3a7-42b2-b589-20d8a998401d","1D2A8A06C9F54A80AC0F6159C0F6455B","HARV_021.mammalGrid.mam","D01","HARV","HARV_021","2016-06-27","2016-06-27","NEON.DOC.000481vD",,
"70ba10c3-e44f-4b92-9b12-2f5ab85a464e","B82C8E050BAF43258C88EA34F84FFFB2","HARV_008.mammalGrid.mam","D01","HARV","HARV_008","2016-06-27","2016-06-27","NEON.DOC.000481vH",,
"6cb109ea-8e41-4214-a337-8b398054a7ff","9984E5E8EC3040E594DA211221B52FD2","HARV_021.mammalGrid.mam","D01","HARV","HARV_021","2016-06-28","2016-06-28","NEON.DOC.000481vD",,
"31c8bf3a-4dba-4fcc-b211-de5c113bb831","E21624DA58744E7597849FDA44E91116","HARV_023.mammalGrid.mam","D01","HARV","HARV_023","2016-06-28","2016-06-28","NEON.DOC.000481vD",,
"3e7f61df-ddd7-44c5-895f-9b5044598eed","142ADCA184F841418228077D21D74B80","HARV_008.mammalGrid.mam","D01","HARV","HARV_008","2016-06-28","2016-06-28","NEON.DOC.000481vD",,
"897534c4-f1ee-4298-8247-3c5cc6dd03ff","94E4517595C34D6B990EFFDE29C55B60","HARV_023.mammalGrid.mam","D01","HARV","HARV_023","2016-06-29","2016-06-29","NEON.DOC.000481vD",,
"19037d59-4f3e-4fe9-a8b5-5f93c1d00f86","DDD3793E0C2F42DBA96F800D92467777","HARV_021.mammalGrid.mam","D01","HARV","HARV_021","2016-06-29","2016-06-29","NEON.DOC.000481vD",,
"ae3e33df-cff2-4f9d-8d4d-0772cf227f0f","FE85A6A8416E4D1ABE0B2490B67B129F","HARV_008.mammalGrid.mam","D01","HARV","HARV_008","2016-06-29","2016-06-29","NEON.DOC.000481vD",,
"db87a0e9-9116-4fd2-a6b1-950d37a18eee","7478F78DA2AC4A0DB14F0A807BF11703","HARV_032.mammalGrid.mam","D01","HARV","HARV_032","2016-06-30","2016-06-30","NEON.DOC.000481vD",,
"18713b29-95d6-467e-8ec3-c9032bfc322c","0FD567BC19DC4B6DB99B49BE419A3724","HARV_014.mammalGrid.mam","D01","HARV","HARV_014","2016-06-30","2016-06-30","NEON.DOC.000481vD",,
"a6011784-6f2f-4e19-bd8e-60bb59dea7b9","1A938879CC844E8E973E9401C1AFD4B7","HARV_006.mammalGrid.mam","D01","HARV","HARV_006","2016-06-30","2016-06-30","NEON.DOC.000481vD",,
