uid,nightuid,namedLocation,domainID,siteID,plotID,collectDate,endDate,samplingProtocolVersion,remarks,dataQF
"2d460277-27c3-4c5f-addf-e455e8437c30","8a7cf53b-a5d5-4b55-997d-389e59dfe0e9","HARV_001.mammalGrid.mam","D01","HARV","HARV_001","2019-05-28","2019-05-28","NEON.DOC.000481vL",,
"b03cbb97-6ea2-49f5-9cba-ab703f571905","e8d0994d-0bfe-421b-9c06-d4ba2fbccfa3","HARV_006.mammalGrid.mam","D01","HARV","HARV_006","2019-05-28","2019-05-28","NEON.DOC.000481vL",,
"fe4d42f4-e007-4625-88af-cf28605a356b","d9e1d49a-b10f-4673-b07a-7a5e60163cc7","HARV_010.mammalGrid.mam","D01","HARV","HARV_010","2019-05-28","2019-05-28","NEON.DOC.000481vL",,
"fc475d69-2d90-49d7-9d3f-3749b72c644d","5896208a-88a5-400f-95de-b3c673ae7062","HARV_021.mammalGrid.mam","D01","HARV","HARV_021","2019-05-29","2019-05-29","NEON.DOC.000481vL",,
"5d35c3eb-b183-44d6-8bab-9664abc34927","91211fca-6db9-41a9-a261-3dc510c97e52","HARV_023.mammalGrid.mam","D01","HARV","HARV_023","2019-05-29","2019-05-29","NEON.DOC.000481vL",,
"dcc158de-092d-4504-8e4c-ac0f517bbc68","e8afd899-d337-460f-b7b3-0815f1287653","HARV_008.mammalGrid.mam","D01","HARV","HARV_008","2019-05-29","2019-05-29","NEON.DOC.000481vL",,
"e6df3e4e-c544-4eb4-9444-a6d39db3c72c","9d69b034-7a48-446f-a841-325f7da49e6a","HARV_021.mammalGrid.mam","D01","HARV","HARV_021","2019-05-30","2019-05-30","NEON.DOC.000481vL",,
"85067c97-8abe-45b3-ae56-85dc6446f8c3","3c3d6622-0548-4729-9bb5-7f2a601aa6d5","HARV_023.mammalGrid.mam","D01","HARV","HARV_023","2019-05-30","2019-05-30","NEON.DOC.000481vL",,
"10dd52aa-8f6d-481c-bd1c-b369761f6d33","3cb75c5b-aa5c-44ec-81d6-227bf57ae2e3","HARV_008.mammalGrid.mam","D01","HARV","HARV_008","2019-05-30","2019-05-30","NEON.DOC.000481vL","Bear disturbed all traps on grid",
"d6aedebe-1107-4380-8f82-e53a2d86c718","57eb5542-a5a6-48cb-9918-9a6e0b49577a","HARV_023.mammalGrid.mam","D01","HARV","HARV_023","2019-05-31","2019-05-31","NEON.DOC.000481vL",,
"420a7367-8d05-41e9-a685-48517da57cea","c15d1bd8-e0db-4ea1-aa95-db431ac6a971","HARV_021.mammalGrid.mam","D01","HARV","HARV_021","2019-05-31","2019-05-31","NEON.DOC.000481vL",,
