uid,nightuid,namedLocation,domainID,siteID,plotID,collectDate,endDate,samplingProtocolVersion,remarks,dataQF
"2a732545-70cd-4e43-a824-4b6ad272fe9f","1D6D814370F3484B9187857996186EF8","HARV_014.mammalGrid.mam","D01","HARV","HARV_014","2014-06-18","2014-06-18",,,
"538cc2d2-bd3d-4c2d-a578-cd4367eecb1b","9CC099C01E174D3B9C8238D0990E7B1E","HARV_021.mammalGrid.mam","D01","HARV","HARV_021","2014-06-18","2014-06-18",,,
"0228db5b-6758-448e-a428-9b334cafd4a1","4CC4A684590649AC93F2A70D3E52FB5A","HARV_032.mammalGrid.mam","D01","HARV","HARV_032","2014-06-18","2014-06-18",,,
"3de1f8b6-58ac-49ff-884a-992e3b867c6a","FE35952D53804A04A79FFDE2177DABE0","HARV_014.mammalGrid.mam","D01","HARV","HARV_014","2014-06-18","2014-06-18",,,
"e3754352-e6ac-4b93-86d5-9880c5c2c4a8","E82FEDBEA25744CCBF77728CE539B9D0","HARV_021.mammalGrid.mam","D01","HARV","HARV_021","2014-06-18","2014-06-18",,,
"3553837a-44cf-4616-8330-01a4a294fe8d","7B324F923A96414A865C3FFBE2F90719","HARV_032.mammalGrid.mam","D01","HARV","HARV_032","2014-06-19","2014-06-19",,,
"1229fdf6-aad3-4f95-b931-2ac99164544c","B5D918B1BF63408F96FBB5BE5C881A12","HARV_021.mammalGrid.mam","D01","HARV","HARV_021","2014-06-19","2014-06-19",,,
"6ffbbda4-0ab6-4be0-992a-7d7d957174cb","7202B928D64F4C36B7F593D8E0434A66","HARV_014.mammalGrid.mam","D01","HARV","HARV_014","2014-06-19","2014-06-19",,,
"8e6361cf-036a-45ad-a0f6-698f2a529669","FB049DD72CF340B4875FE33385EC3F8E","HARV_032.mammalGrid.mam","D01","HARV","HARV_032","2014-06-19","2014-06-19",,,
"ffdb2b65-7b71-4227-a202-3d820445370a","757C176E5E50462898BEF133E378E4ED","HARV_008.mammalGrid.mam","D01","HARV","HARV_008","2014-06-19","2014-06-19",,,
"1d26ae0d-83a2-4261-b234-742b7dc1139c","FA4CD9E0B67D418EAD54653B677C82CD","HARV_032.mammalGrid.mam","D01","HARV","HARV_032","2014-06-20","2014-06-20",,"All captures got limited processing due to time constraints",
"8e124fae-dafc-4349-8086-25d597d198f5","A9D6BFA6679340E181095CFB8CE948AA","HARV_008.mammalGrid.mam","D01","HARV","HARV_008","2014-06-20","2014-06-20",,,
"bd6db29e-7d51-4fc9-850d-c3c0ce7d9230","08064DF8D81F49DCB16FF9982D77E553","HARV_032.mammalGrid.mam","D01","HARV","HARV_032","2014-06-20","2014-06-20",,"limited processing done on all captures due to time restraints",
"602b7a1c-4209-4dc4-b522-87f5a480a774","CA5E04FBE94241B889DF285B9D39415C","HARV_021.mammalGrid.mam","D01","HARV","HARV_021","2014-06-20","2014-06-20",,,
"d5969528-947c-4066-afaf-7368c1c1dcf0","9D7DACA59DF34CD59601ACD3CF10923B","HARV_023.mammalGrid.mam","D01","HARV","HARV_023","2014-06-21","2014-06-21",,,
"b71acb34-d302-4254-bcda-d9092d852dab","53E88E70D39842C39C6D784A622C7743","HARV_023.mammalGrid.mam","D01","HARV","HARV_023","2014-06-21","2014-06-21",,,
"3b333f95-20e7-4f9e-afb5-6142ece90e9c","941C373EABA042AA94AA4243FD76D33D","HARV_006.mammalGrid.mam","D01","HARV","HARV_006","2014-06-21","2014-06-21",,,
"6ef56647-f709-48d4-8428-9b0235eb71f8","2FCB9CC53E63456D9835251DF576A64D","HARV_001.mammalGrid.mam","D01","HARV","HARV_001","2014-06-21","2014-06-21",,,
"e1ec8775-d6f5-4dfa-ab9b-af000c8fcf2c","5C05BB7436AB436CB663D6ECA5A4CA88","HARV_023.mammalGrid.mam","D01","HARV","HARV_023","2014-06-22","2014-06-22",,,
"33eb8a8c-0bb5-446f-b21c-d4ae3cb39370","E4E7CC105A2B471B84F45D23C1FA58FA","HARV_023.mammalGrid.mam","D01","HARV","HARV_023","2014-06-22","2014-06-22",,,
"8f0b1fa6-519a-43cc-b3d3-e364140af030","40917C8A32DB4D68BDA673FFF7CC09B7","HARV_001.mammalGrid.mam","D01","HARV","HARV_001","2014-06-22","2014-06-22",,,
"4fa4fa38-1d6e-4808-af10-25bda6be7268","15DD21F53CBC4A72AE46360C0CAB8396","HARV_006.mammalGrid.mam","D01","HARV","HARV_006","2014-06-22","2014-06-22",,,
"c6d076c6-6202-4f2c-ac0c-bbb812a2e332","74B58AC8C5954B908FE2DC58EE87B2FA","HARV_023.mammalGrid.mam","D01","HARV","HARV_023","2014-06-23","2014-06-23",,,
"6ed029b5-a570-4f64-b1a1-5f1154848ceb","C01A81BBE0D243BC95BFDCB9BCF83487","HARV_023.mammalGrid.mam","D01","HARV","HARV_023","2014-06-23","2014-06-23",,,
"d5b0e6ab-5e77-4a53-9603-0bac9997fb20","04F3B6225C9B4754AAF5E23426949854","HARV_006.mammalGrid.mam","D01","HARV","HARV_006","2014-06-23","2014-06-23",,,
"1852e6cd-00a7-458a-9fb2-6b3fe3c75fcf","BA11F16BD51647A286871007ED7657BD","HARV_001.mammalGrid.mam","D01","HARV","HARV_001","2014-06-23","2014-06-23",,,
