uid,nightuid,namedLocation,domainID,siteID,plotID,collectDate,endDate,samplingProtocolVersion,remarks,dataQF
"ca80b7ef-985f-4d07-a493-32706adba22a","c7385cae-55d6-47c6-a0ea-05dcf3591f4e","HARV_008.mammalGrid.mam","D01","HARV","HARV_008","2018-05-08","2018-05-08","NEON.DOC.000481vK",,
"df0d410e-cef2-459c-9462-fca8e1535922","ecd70724-54e8-4bc3-9b12-079c9fb88eba","HARV_023.mammalGrid.mam","D01","HARV","HARV_023","2018-05-08","2018-05-08","NEON.DOC.000481vK",,
"b55b5310-ddca-4349-97c1-7f1c885bc4f4","15a80331-f514-4790-ba2c-44c55b1d6e52","HARV_021.mammalGrid.mam","D01","HARV","HARV_021","2018-05-08","2018-05-08","NEON.DOC.000481vK",,
"19a1fa6c-f627-488f-bbe9-3ec242dc17c4","0b658031-ac1f-4b84-ba5c-d012e24f5b59","HARV_008.mammalGrid.mam","D01","HARV","HARV_008","2018-05-09","2018-05-09","NEON.DOC.000481vK",,
"bed39edb-24c1-40c0-a59a-989d1cb8aa64","456c0f8d-71f9-4e48-9a90-ab02cea26464","HARV_021.mammalGrid.mam","D01","HARV","HARV_021","2018-05-09","2018-05-09","NEON.DOC.000481vK",,
"6fa2bf3e-d118-4368-be2a-0ee9d83c5cbc","5621964d-6450-42df-849c-2adbfd737aa4","HARV_023.mammalGrid.mam","D01","HARV","HARV_023","2018-05-09","2018-05-09","NEON.DOC.000481vK",,
"c00bfb4d-5f86-42a9-b3e3-f4765b20264e","7ebec469-b94b-48a9-ad04-c669dc961e20","HARV_023.mammalGrid.mam","D01","HARV","HARV_023","2018-05-10","2018-05-10","NEON.DOC.000481vK",,
"ddf4a1d8-e709-4fee-84d7-57474c00c617","e46e2d82-06df-40de-9809-753a4778e5e9","HARV_021.mammalGrid.mam","D01","HARV","HARV_021","2018-05-10","2018-05-10","NEON.DOC.000481vK",,
"488ea1dd-cff8-4fd3-bc37-7226e9ee5103","fbf5d983-dc74-49e9-a10a-8cf4f01ae1d6","HARV_008.mammalGrid.mam","D01","HARV","HARV_008","2018-05-10","2018-05-10","NEON.DOC.000481vK",,
"9794b89a-ba2f-4b82-a706-ef6eb685b385","de9dadd9-7f6f-42ce-904f-2268caba8433","HARV_001.mammalGrid.mam","D01","HARV","HARV_001","2018-05-11","2018-05-11","NEON.DOC.000481vK",,
"83b66454-1360-4b4b-8f3b-e8ad33f02067","59aed127-4b68-4079-a02d-11de884ab130","HARV_006.mammalGrid.mam","D01","HARV","HARV_006","2018-05-11","2018-05-11","NEON.DOC.000481vK","0 captures. 0 disturbances. 0 spoor.",
"bb71a365-02de-4732-93fc-565ec2b54e16","371317ff-1660-47f8-b9af-319cc3285cba","HARV_010.mammalGrid.mam","D01","HARV","HARV_010","2018-05-11","2018-05-11","NEON.DOC.000481vK",,
