uid,nightuid,namedLocation,domainID,siteID,plotID,collectDate,endDate,samplingProtocolVersion,remarks,dataQF
"669136db-c626-425c-a85b-390087d6839d","f8eb278e-06ea-4635-b03f-eab2f16607c4","HARV_023.mammalGrid.mam","D01","HARV","HARV_023","2019-06-25","2019-06-25","NEON.DOC.000481vL",,
"3e088570-c0db-4250-8e19-33da15bcb9d1","15bc1889-507f-4cda-a757-c06545cfd733","HARV_021.mammalGrid.mam","D01","HARV","HARV_021","2019-06-25","2019-06-25","NEON.DOC.000481vL",,
"28ff3329-2279-4089-bd83-3699dc3af16e","08e4a721-4bb7-4870-aff6-bc56ceda9838","HARV_008.mammalGrid.mam","D01","HARV","HARV_008","2019-06-25","2019-06-25","NEON.DOC.000481vL",,
"3c831f66-f947-401d-a861-f97002d4bb9f","8da0cd9c-de9f-44a6-ad97-ae2b39fe71cd","HARV_021.mammalGrid.mam","D01","HARV","HARV_021","2019-06-26","2019-06-26","NEON.DOC.000481vL",,
"bf772acb-e7d9-4a63-a947-40444f902a31","cc1fba16-7fed-482b-bef0-5ece6bdc8cd1","HARV_023.mammalGrid.mam","D01","HARV","HARV_023","2019-06-26","2019-06-26","NEON.DOC.000481vL",,
"f13e2f88-994c-4a3a-a290-cf5f7ce96aa3","4384b9da-8672-437d-adbb-960aed9896a1","HARV_008.mammalGrid.mam","D01","HARV","HARV_008","2019-06-26","2019-06-26","NEON.DOC.000481vL",,
"0e4c97df-b0da-4fad-b845-a65bc38b4f5a","551a58b1-186c-4b9a-89fd-8472cf11e869","HARV_008.mammalGrid.mam","D01","HARV","HARV_008","2019-06-27","2019-06-27","NEON.DOC.000481vL",,
"dff83ecb-899a-4b43-a724-4959124891d6","f5199297-d7b2-413b-9f4d-9bd0d10a02b1","HARV_023.mammalGrid.mam","D01","HARV","HARV_023","2019-06-27","2019-06-27","NEON.DOC.000481vL",,
"85847720-6a44-4472-880f-6df7db6dc242","df187e85-2273-450e-8b3a-d6efb7f87278","HARV_021.mammalGrid.mam","D01","HARV","HARV_021","2019-06-27","2019-06-27","NEON.DOC.000481vL",,
"627ebc41-5f51-408b-9d18-011b6f380700","eb51f4e5-ab67-4baa-9783-ff4088486da5","HARV_010.mammalGrid.mam","D01","HARV","HARV_010","2019-06-28","2019-06-28","NEON.DOC.000481vL",,
"2cf47c5c-acad-4e9b-866b-0f680c650b10","221b7933-2546-4856-a80c-f46e080a5683","HARV_006.mammalGrid.mam","D01","HARV","HARV_006","2019-06-28","2019-06-28","NEON.DOC.000481vL",,
"fa28b68c-dbf9-43d1-b610-8b57f4ebb39e","45c3a08a-9258-42b3-bfe8-ff99c0aeaa37","HARV_001.mammalGrid.mam","D01","HARV","HARV_001","2019-06-28","2019-06-28","NEON.DOC.000481vL",,
