uid,nightuid,namedLocation,domainID,siteID,plotID,collectDate,endDate,samplingProtocolVersion,remarks,dataQF
"b56c9cf8-8b41-48b1-b8c4-bbc0e6a9065a","eab52898-8ea3-4005-b084-b3cef763d6f6","HARV_023.mammalGrid.mam","D01","HARV","HARV_023","2018-07-10","2018-07-10","NEON.DOC.000481vK",,
"117d3e0e-2a03-474d-98b3-620db8d7442d","45f17720-5522-49d4-abee-48d0c83ba568","HARV_008.mammalGrid.mam","D01","HARV","HARV_008","2018-07-10","2018-07-10","NEON.DOC.000481vK",,
"a50e2398-ebf9-4550-a8ec-88d826a8201d","9edd69af-5b06-4fab-95b9-5de5d1d48278","HARV_021.mammalGrid.mam","D01","HARV","HARV_021","2018-07-10","2018-07-10","NEON.DOC.000481vK",,
"e7d86f04-7679-47a7-a965-3fcf732a6ae8","48c02a0c-5e77-4084-b92b-bcd26b5a07f1","HARV_008.mammalGrid.mam","D01","HARV","HARV_008","2018-07-11","2018-07-11","NEON.DOC.000481vK",,
"1417df7a-2d54-47dd-9e45-141d9cb98db0","8c914be4-828d-4b97-9be9-648bbc4bd7d5","HARV_023.mammalGrid.mam","D01","HARV","HARV_023","2018-07-11","2018-07-11","NEON.DOC.000481vK",,
"c6719440-e972-4ddb-9070-69a577e34f3a","cdf43f2e-2884-441c-8460-4cf13baa5e65","HARV_021.mammalGrid.mam","D01","HARV","HARV_021","2018-07-11","2018-07-11","NEON.DOC.000481vK",,
"1643837c-c4c1-4c5f-a88a-8bfc4fa6435c","d2c4c89d-d43a-4e6c-a6cb-08c2b2301f01","HARV_021.mammalGrid.mam","D01","HARV","HARV_021","2018-07-12","2018-07-12","NEON.DOC.000481vK",,
"2beb4720-539b-4f78-811e-8969b818b6df","ccee6137-d9f1-4fce-99b7-2e838f1500b9","HARV_023.mammalGrid.mam","D01","HARV","HARV_023","2018-07-12","2018-07-12","NEON.DOC.000481vK",,
"b4918f62-57cb-42b7-8116-f2f0b6a4d19c","8882ce2a-e0ed-4e11-b35b-fad6ef5cd167","HARV_008.mammalGrid.mam","D01","HARV","HARV_008","2018-07-12","2018-07-12","NEON.DOC.000481vK",,
"27931fdd-e154-4f3c-9896-567b885aa654","46e698ec-422d-44cd-b030-88d8274688ed","HARV_001.mammalGrid.mam","D01","HARV","HARV_001","2018-07-13","2018-07-13","NEON.DOC.000481vK",,
"6d88f728-d5a0-4bb5-af04-258e86e10151","35f5e51e-61fe-4330-9cac-4f82df6cd607","HARV_010.mammalGrid.mam","D01","HARV","HARV_010","2018-07-13","2018-07-13","NEON.DOC.000481vK",,
"18b2376f-502f-4439-b12e-f09228d845ac","88815d09-25f1-471e-a7de-a5bf29e96540","HARV_006.mammalGrid.mam","D01","HARV","HARV_006","2018-07-13","2018-07-13","NEON.DOC.000481vK",,
