uid,nightuid,namedLocation,domainID,siteID,plotID,collectDate,endDate,samplingProtocolVersion,remarks,dataQF
"ab97393a-461c-40a1-8cca-1842c5738680","7F755135A0534D15BF375E4A20F28077","HARV_021.mammalGrid.mam","D01","HARV","HARV_021","2014-08-16","2014-08-16",,,
"3cccebfa-6607-43ec-a787-d2cb536a3cbe","B3D9D1782A4B42AE8B62B5F0838E1062","HARV_008.mammalGrid.mam","D01","HARV","HARV_008","2014-08-16","2014-08-16",,,
"e18eca42-1265-40a9-85d3-bb417bfa9984","85DD2F8F28494FC0A90741727150E3D3","HARV_032.mammalGrid.mam","D01","HARV","HARV_032","2014-08-16","2014-08-16",,,
"6ae2e68f-8a1e-4f62-a51f-6292fe2f6a82","CBF79AFA50CF4EF98C0C8AA10ABD5FBC","HARV_014.mammalGrid.mam","D01","HARV","HARV_014","2014-08-16","2014-08-16",,,
"814c6b30-12d1-442f-a74e-ee0e2fc7c7da","54F24B9F36FD4842858D6B4D9DE350CB","HARV_008.mammalGrid.mam","D01","HARV","HARV_008","2014-08-17","2014-08-17",,,
"6678303e-14e7-4466-b519-2ad94a127b46","9D6A27F2F941427EAD0F4F866D672A91","HARV_014.mammalGrid.mam","D01","HARV","HARV_014","2014-08-17","2014-08-17",,,
"d2f35385-93c0-4276-9304-4eb419d09df5","E53F114EF67D4EB88752A6DA7A3CD768","HARV_032.mammalGrid.mam","D01","HARV","HARV_032","2014-08-17","2014-08-17",,,
"7246e109-52a3-4f5c-8678-a54b25e81d46","B226E5771A604DF6856532DA7CEDA5A4","HARV_021.mammalGrid.mam","D01","HARV","HARV_021","2014-08-17","2014-08-17",,,
"988a93e6-a1aa-4eea-861a-f9aecb30dee5","B50AA99BD49E464980DA824B61D2261F","HARV_021.mammalGrid.mam","D01","HARV","HARV_021","2014-08-18","2014-08-18",,,
"5ae1e99e-47af-494b-9c93-75ac01de8c58","A321AF3DE4DD454AB8EC5C3081017568","HARV_032.mammalGrid.mam","D01","HARV","HARV_032","2014-08-18","2014-08-18",,,
"63dbf684-1799-4fab-8045-adf9bdcecb77","83D52CDFFFDD485EAEB39C8DA73A2886","HARV_014.mammalGrid.mam","D01","HARV","HARV_014","2014-08-18","2014-08-18",,,
"fed08e47-2771-442e-a7b5-ab4f80338b58","20379A8AFF1F496EA415D3709E5DF2EA","HARV_010.mammalGrid.mam","D01","HARV","HARV_010","2014-08-19","2014-08-19",,,
"34aa3aec-35df-486b-9614-e0b77189e358","4FCFC44358454FCD985079BDCFA08D37","HARV_006.mammalGrid.mam","D01","HARV","HARV_006","2014-08-19","2014-08-19",,"For HARV_006, 2014-08-19, ID References: NEON.DOC.001907vA",
"ee6368a8-f900-4e17-a309-37951a6afff5","CCE28CDA0A304AF6851A4B5595A628A6","HARV_023.mammalGrid.mam","D01","HARV","HARV_023","2014-08-19","2014-08-19",,,
"0e09e086-01cf-4cf6-92fd-b08865999567","774C5B94A50F453CBB1172811F0810F2","HARV_001.mammalGrid.mam","D01","HARV","HARV_001","2014-08-19","2014-08-19",,,
"88c9b0e1-1bef-40bf-91ba-888a446f6f44","F9CA58D0A3934DCB9A97D5ABD5FE5D29","HARV_001.mammalGrid.mam","D01","HARV","HARV_001","2014-08-20","2014-08-20",,,
"22549d2f-ee45-4e6b-9e35-59c12a6891d1","D46C32D241E04CE8A52524285FFA7471","HARV_006.mammalGrid.mam","D01","HARV","HARV_006","2014-08-20","2014-08-20",,,
"0c077dd2-608e-4ae2-8ebc-aa20ad1aa3c6","F8D67863E85E4CBEB524791C1CE88CC7","HARV_023.mammalGrid.mam","D01","HARV","HARV_023","2014-08-20","2014-08-20",,,
"0f474d74-a4e4-433a-8a67-9641511c164c","F4A5D27709E04199B3F5EC902E1A7C95","HARV_010.mammalGrid.mam","D01","HARV","HARV_010","2014-08-21","2014-08-21",,,
"7800bb82-7a2b-470d-9c23-8f8a49571714","27C90A7EAF944AE18F719F82F1F90F14","HARV_001.mammalGrid.mam","D01","HARV","HARV_001","2014-08-21","2014-08-21",,"HARV_001 closed due to reaching capture death maximum (08/21/2014), see JIRA ticket FOPS-1431",
"633bdf45-7c5c-407d-9935-ff5dda794a74","BA5944C162C845EB80687DE8A4C1707D","HARV_006.mammalGrid.mam","D01","HARV","HARV_006","2014-08-21","2014-08-21",,,
"fe0bb240-5216-45b6-a60b-768e18258f59","28A305FB8D9E4E0DA848E604775E2638","HARV_023.mammalGrid.mam","D01","HARV","HARV_023","2014-08-21","2014-08-21",,,
