uid,nightuid,namedLocation,domainID,siteID,plotID,collectDate,endDate,samplingProtocolVersion,remarks,dataQF
"c820de8c-2e39-4517-aa04-e7bc705efcb9","746233BED62B47B6B8FEC82AF1AEA3FA","HARV_021.mammalGrid.mam","D01","HARV","HARV_021","2015-06-08","2015-06-08",,,
"44606974-e25f-46a0-bf55-ce00dbc7e598","A9597A4C2EE1477B9FA2A56DECA6C61D","HARV_023.mammalGrid.mam","D01","HARV","HARV_023","2015-06-08","2015-06-08",,,
"a6ebb221-7994-4330-b87a-d1bf7382f0db","38FA75A994BE41C796B887505320FF39","HARV_008.mammalGrid.mam","D01","HARV","HARV_008","2015-06-08","2015-06-08",,,
"194d112f-1a6c-43eb-9fd1-16a4dbfcaa34","0DB4033463C3431698A52DE75547E032","HARV_021.mammalGrid.mam","D01","HARV","HARV_021","2015-06-09","2015-06-09",,,
"daae4a94-36ba-4488-8cf6-cac4f6f76fc5","A5C7E15944C2470C8743A792B61A162D","HARV_008.mammalGrid.mam","D01","HARV","HARV_008","2015-06-09","2015-06-09",,,
"ffa9226a-a6f7-48d2-9334-5fcca6be0b8d","EBF7DE5904E14A8194471D3C601AA381","HARV_023.mammalGrid.mam","D01","HARV","HARV_023","2015-06-09","2015-06-09",,,
"93f09a4c-b95b-44bb-9e0c-84d4a647251f","F2ACB99DD05545E4BA58C9CDEB05C8CD","HARV_008.mammalGrid.mam","D01","HARV","HARV_008","2015-06-09","2015-06-09",,,
"8821c5ba-e8a2-440e-b965-ea9716081977","2C1A444EC787438CB40B061CD0CDA0D7","HARV_021.mammalGrid.mam","D01","HARV","HARV_021","2015-06-10","2015-06-10",,,
"6d7e89f5-b595-4d6e-ab21-c292da54dc2c","7F53C4DA47294A46AE4BAC48BE7B3C4A","HARV_008.mammalGrid.mam","D01","HARV","HARV_008","2015-06-10","2015-06-10",,,
"67a2c395-d825-41df-9f4e-35fdce65042c","B5B04040F88C4A9CA43626CB514A887C","HARV_023.mammalGrid.mam","D01","HARV","HARV_023","2015-06-10","2015-06-10",,,
"5fdcea05-12ae-4065-ab01-112064a31074","A9A2A4973ED24A1B8F5012B6F992ADD2","HARV_023.mammalGrid.mam","D01","HARV","HARV_023","2015-06-11","2015-06-11",,,
"60ade847-89c0-4f62-bab1-88adb5d709dc","6D3A9941CB2D4B009D503F0202162003","HARV_032.mammalGrid.mam","D01","HARV","HARV_032","2015-06-11","2015-06-11",,,
"f6e734b8-9e33-4d38-ad2f-e5ddf6f0a056","93A52ADE3BD94CA09F0B5238601C90C7","HARV_010.mammalGrid.mam","D01","HARV","HARV_010","2015-06-12","2015-06-12",,,
"ed6633fe-ebaa-4905-82b4-a4bb30dcc225","381A37C6BFDC413B9C131026FF42BA94","HARV_001.mammalGrid.mam","D01","HARV","HARV_001","2015-06-12","2015-06-12",,,
"49b878f2-fd89-462e-b22f-19ab44137d7d","D6123EB73DBB47F98F933AC18EAAEC98","HARV_014.mammalGrid.mam","D01","HARV","HARV_014","2015-06-12","2015-06-12",,,
"3f57a4f4-c38e-4167-9891-2b60dd868dd1","39619B8CF6F24E8FBB5D64B2B4DC6F21","HARV_006.mammalGrid.mam","D01","HARV","HARV_006","2015-06-12","2015-06-12",,,
