uid,nightuid,namedLocation,domainID,siteID,plotID,collectDate,endDate,samplingProtocolVersion,remarks,dataQF
"9054e258-15cd-4d4b-955f-c39b0925e5a7","3cf1ad60-b7b2-49db-90d2-1ffbf2fc557e","HARV_008.mammalGrid.mam","D01","HARV","HARV_008","2017-09-19","2017-09-19","NEON.DOC.000481vJ",,
"af7fa539-f7f9-4fe9-ab86-ea05b6b4d2d2","eb6f8f18-0164-4ee8-a750-c38bdedf66ce","HARV_021.mammalGrid.mam","D01","HARV","HARV_021","2017-09-19","2017-09-19","NEON.DOC.000481vJ",,
"921c6781-e55f-4494-b459-49afd2e24cee","503d5bc8-be1e-4af3-a63f-3d1b47bc74c2","HARV_023.mammalGrid.mam","D01","HARV","HARV_023","2017-09-19","2017-09-19","NEON.DOC.000481vJ",,
"76cb7abd-bdc2-403c-bee0-6209bae7fbd5","a55c2f2a-3232-4039-97ef-e400d22865a6","HARV_008.mammalGrid.mam","D01","HARV","HARV_008","2017-09-20","2017-09-20","NEON.DOC.000481vJ",,
"37edb56f-bf76-49b5-b5a9-cf5934eb1002","edd88997-1079-4b43-b7ef-f40e7a7692d6","HARV_023.mammalGrid.mam","D01","HARV","HARV_023","2017-09-20","2017-09-20","NEON.DOC.000481vJ",,
"127cdc33-6725-41cc-9dd2-cd4cc17af078","a526b2ef-5be5-45fe-9f1f-c10f18b7f9cc","HARV_021.mammalGrid.mam","D01","HARV","HARV_021","2017-09-20","2017-09-20","NEON.DOC.000481vJ",,
"e53c54bd-1be5-46d1-b5f5-a1d616e8b25b","f54b4281-d43b-46af-b288-400a31eecce8","HARV_021.mammalGrid.mam","D01","HARV","HARV_021","2017-09-21","2017-09-21","NEON.DOC.000481vJ",,
"68bd3f70-ebbf-4655-9ad9-9914dbeb208e","e4b78ce6-648b-46cf-9079-91df726eba6d","HARV_008.mammalGrid.mam","D01","HARV","HARV_008","2017-09-21","2017-09-21","NEON.DOC.000481vJ",,
"c1fdcc72-0fb9-4433-be23-c624ec0b81e8","0126f385-320f-4695-a8b6-0fa0c1489a7e","HARV_023.mammalGrid.mam","D01","HARV","HARV_023","2017-09-21","2017-09-21","NEON.DOC.000481vJ",,
"21ceaf65-8e4e-492b-8957-d902aca9b569","8ba43fe8-b897-46f4-8e0e-c9078794b924","HARV_010.mammalGrid.mam","D01","HARV","HARV_010","2017-09-22","2017-09-22","NEON.DOC.000481vJ",,
"de46da34-2747-4230-af23-4797b7508e07","b14b5ed4-0b4b-4375-9903-64188670071d","HARV_001.mammalGrid.mam","D01","HARV","HARV_001","2017-09-22","2017-09-22","NEON.DOC.000481vJ",,
"cbfe08f0-3345-4fa9-b3ae-3eac6dff1e31","e4f24099-db1c-40db-8ada-6cf3f3a63ce0","HARV_006.mammalGrid.mam","D01","HARV","HARV_006","2017-09-22","2017-09-22","NEON.DOC.000481vJ",,
