uid,nightuid,namedLocation,domainID,siteID,plotID,collectDate,endDate,samplingProtocolVersion,remarks,dataQF
"306d1936-aa20-4e7b-ad40-abcec50efda9","4bf226a6-85fd-47c1-b570-e69b5bc972b4","HARV_021.mammalGrid.mam","D01","HARV","HARV_021","2018-09-04","2018-09-04","NEON.DOC.000481vK",,
"672fb210-c9b8-4c62-b222-c895cef7e130","20f47ade-2786-4e8b-96a1-dab14b34c619","HARV_023.mammalGrid.mam","D01","HARV","HARV_023","2018-09-04","2018-09-04","NEON.DOC.000481vK",,
"55b598f0-ea8d-44d7-ba68-27d9e14243af","083ea159-68f0-4d33-b83e-20a6fa890b55","HARV_008.mammalGrid.mam","D01","HARV","HARV_008","2018-09-04","2018-09-04","NEON.DOC.000481vK",,
"27280dc0-54e0-4a95-ab7a-664476ef01e4","7e2dc684-1302-46fe-b5b0-fd198ce76933","HARV_008.mammalGrid.mam","D01","HARV","HARV_008","2018-09-05","2018-09-05","NEON.DOC.000481vK",,
"0b27d9b8-abb8-49b8-a30c-6e7dcf6a80e3","2cf6b993-a036-4e01-9bf1-9989b18943f4","HARV_023.mammalGrid.mam","D01","HARV","HARV_023","2018-09-05","2018-09-05","NEON.DOC.000481vK",,
"89ed9ead-5064-460d-b522-1db7673bf0be","c56cd934-759a-4c8c-adc1-80f23a043d9f","HARV_021.mammalGrid.mam","D01","HARV","HARV_021","2018-09-05","2018-09-05","NEON.DOC.000481vK",,
"49bf929e-d69c-47c3-b665-ba031d284545","813cffcc-cd26-4d76-8d37-7ce5896511a6","HARV_021.mammalGrid.mam","D01","HARV","HARV_021","2018-09-06","2018-09-06","NEON.DOC.000481vK",,
"8a619afe-89f0-4853-b510-a18fdc13647b","6dc63643-bdea-41ed-8af2-4e0768f20890","HARV_008.mammalGrid.mam","D01","HARV","HARV_008","2018-09-06","2018-09-06","NEON.DOC.000481vK",,
"30cfca0d-5afd-474a-ae0a-e58c01212992","d9e3be19-323f-426d-8dd1-e7b5a85decd7","HARV_023.mammalGrid.mam","D01","HARV","HARV_023","2018-09-06","2018-09-06","NEON.DOC.000481vK",,
"493d25fe-f686-4499-847a-d26580638031","5a35eee9-0a07-4c2a-ab68-f2555e758ead","HARV_001.mammalGrid.mam","D01","HARV","HARV_001","2018-09-07","2018-09-07","NEON.DOC.000481vK",,
"a249a77f-9490-4957-9916-1b966e39d2fc","c62d18a2-8d71-44b1-b917-0e709351cfc4","HARV_006.mammalGrid.mam","D01","HARV","HARV_006","2018-09-07","2018-09-07","NEON.DOC.000481vK",,
"5ecbf24e-c01c-4409-a2c8-25d6789c99ff","89f171a5-2b92-4ff2-af2e-8265aa777eac","HARV_010.mammalGrid.mam","D01","HARV","HARV_010","2018-09-07","2018-09-07","NEON.DOC.000481vK",,
