uid,nightuid,namedLocation,domainID,siteID,plotID,collectDate,endDate,samplingProtocolVersion,remarks,dataQF
"0a582ca6-e990-4754-83d5-c6c711b0c6a3","D6387E83E0134FC896CF1B679FBBC914","HARV_032.mammalGrid.mam","D01","HARV","HARV_032","2013-10-01","2013-10-01",,,
"d2c294eb-bc3b-4e3b-887b-7a702d417a68","873C4E3FEABE426989204A67DAE7233A","HARV_008.mammalGrid.mam","D01","HARV","HARV_008","2013-10-01","2013-10-01",,,
"9fa90448-9288-4a4b-b82c-0ac3913ada7c","D607A4E3C69743DDA8A1FAB6753F1D9E","HARV_032.mammalGrid.mam","D01","HARV","HARV_032","2013-10-01","2013-10-01",,,
"7acd0987-8091-4101-aa6c-41cbc5f73953","85EEE071CF4544B0B19EC710EB239376","HARV_021.mammalGrid.mam","D01","HARV","HARV_021","2013-10-01","2013-10-01",,,
"c9a36c35-3285-4e9a-9223-b335e62dc2a8","0A5C479D45424EFB9AEC8BD7AF25B216","HARV_021.mammalGrid.mam","D01","HARV","HARV_021","2013-10-02","2013-10-02",,,
"6249a851-0bea-4ef6-99c4-f5630ac21575","ED429F6069F94DA3A2BFCA2C8B14BE2F","HARV_008.mammalGrid.mam","D01","HARV","HARV_008","2013-10-02","2013-10-02",,,
"ed98a02f-9735-4c84-8364-c37a285d766f","877E73DA52FA4DBC9085C96CCE0C5EB5","HARV_032.mammalGrid.mam","D01","HARV","HARV_032","2013-10-02","2013-10-02",,,
"e6401897-7a44-477f-995e-50d978bfa6c0","EB3EFE122D5442648D399F5EF2EA19BD","HARV_001.mammalGrid.mam","D01","HARV","HARV_001","2013-10-03","2013-10-03",,,
"62a4336b-5f8f-4c75-98c7-eea2bd740486","47A3469E5FF14207A7F68154E9822AAB","HARV_023.mammalGrid.mam","D01","HARV","HARV_023","2013-10-03","2013-10-03",,,
"0895cce1-6d15-4efe-a321-9456bdec96b2","6BF7ACE8E5194254A871E3758AFFFE36","HARV_006.mammalGrid.mam","D01","HARV","HARV_006","2013-10-03","2013-10-03",,,
"fa174bb0-30f0-4ff4-b8c1-6db4f23895c6","83FAEA87AF534AD4B80E129FFEA73BDD","HARV_001.mammalGrid.mam","D01","HARV","HARV_001","2013-10-04","2013-10-04",,,
"7243dbfb-8141-4e63-b430-d9267c1dbb04","5483167CEC6F4C1F948BBF1197820ED2","HARV_023.mammalGrid.mam","D01","HARV","HARV_023","2013-10-04","2013-10-04",,,
"4a5d8cae-eda2-4132-aaa2-8de423f08aa2","A2584F5D379E4C2D8867522B231BB38D","HARV_001.mammalGrid.mam","D01","HARV","HARV_001","2013-10-04","2013-10-04",,,
"fee2e5ff-beca-4377-81de-48662ffa054a","80B30E3F34DF47FFABF510BE4D5EFBE0","HARV_006.mammalGrid.mam","D01","HARV","HARV_006","2013-10-04","2013-10-04",,,
"17defdaf-c418-4af1-9024-d962b95b00d9","B2DF4161E5D94D03AFE843D931C97416","HARV_006.mammalGrid.mam","D01","HARV","HARV_006","2013-10-05","2013-10-05",,,
"cf6f9952-994e-41f0-ba53-225cec053141","7D40763673AB45098394D5A0DB08D2E0","HARV_023.mammalGrid.mam","D01","HARV","HARV_023","2013-10-05","2013-10-05",,,
"3d546b97-e61a-488e-a318-16844099d6ef","E927380E5CA64617A5C69B59844AA2AB","HARV_001.mammalGrid.mam","D01","HARV","HARV_001","2013-10-05","2013-10-05",,,
