uid,nightuid,namedLocation,domainID,siteID,plotID,collectDate,endDate,samplingProtocolVersion,remarks,dataQF
"c4570421-0014-4f8d-bdb1-b93235e0f7b2","2A8095FD6F2449239216B6B3913B1874","HARV_006.mammalGrid.mam","D01","HARV","HARV_006","2016-09-01","2016-09-01","NEON.DOC.000481vH",,
"59e9d3a4-c674-4100-9592-9cf3a9a75101","AFF4B026F5A140F79CB7A37DB5B39D45","HARV_001.mammalGrid.mam","D01","HARV","HARV_001","2016-09-01","2016-09-01","NEON.DOC.000481vH",,
"ec91ae9e-06f9-4670-9dc7-a5d1eba85137","6222191ACB924C1E8CA0D5E1D69ADD68","HARV_010.mammalGrid.mam","D01","HARV","HARV_010","2016-09-01","2016-09-01","NEON.DOC.000481vH",,
"76303b0e-9557-4cda-a441-47b39e70e9ca","BC9B73B8AA79474B983F605BC81CE780","HARV_023.mammalGrid.mam","D01","HARV","HARV_023","2016-09-26","2016-09-26","NEON.DOC.000481vH",,
"5dbb6ca7-51b2-4fb8-ac21-60169fcf3e9f","25BB1EE4B2844FB7BD6BEC1B730EFB9E","HARV_021.mammalGrid.mam","D01","HARV","HARV_021","2016-09-26","2016-09-26","NEON.DOC.000481vH",,
"831c64a2-28e3-47f8-b58f-4bf0f0f87840","E90526CD77F04A61BAC77B274AEA8099","HARV_008.mammalGrid.mam","D01","HARV","HARV_008","2016-09-26","2016-09-26","NEON.DOC.000481vH",,
"923844f9-b77d-4ce1-9b72-59f61eef8bff","4CF59F861CFF4EB7940F6047A1F1C28D","HARV_006.mammalGrid.mam","D01","HARV","HARV_006","2016-09-28","2016-09-28","NEON.DOC.000481vH",,
"02598713-ce00-43c5-b6b4-e478d354cb71","97BF97A4D08F494D8737A8946B11C729","HARV_010.mammalGrid.mam","D01","HARV","HARV_010","2016-09-28","2016-09-28","NEON.DOC.000481vH",,
"5e73f57b-0d91-4b21-ba7b-a258d5f2e06e","7C7E4AC7FBF043A68730FD611CC1E0C1","HARV_001.mammalGrid.mam","D01","HARV","HARV_001","2016-09-28","2016-09-28","NEON.DOC.000481vH",,
