uid,nightuid,namedLocation,domainID,siteID,plotID,collectDate,endDate,samplingProtocolVersion,remarks,dataQF
"e56863a1-b51c-422f-b4c2-3fe05e1e38ce","a8a16f90-ec67-4d2d-85b5-5b52bd179489","HARV_010.mammalGrid.mam","D01","HARV","HARV_010","2018-10-02","2018-10-02","NEON.DOC.000481vK",,
"c4325e73-639d-4e48-bcec-640021559d1f","be4c4b1c-75a2-40ad-add6-f6c8b17eba93","HARV_001.mammalGrid.mam","D01","HARV","HARV_001","2018-10-02","2018-10-02","NEON.DOC.000481vK",,
"15276842-07b3-43c6-8a1e-1008f9463406","71a0c38f-128d-4ad8-bff5-aceb1734e94f","HARV_006.mammalGrid.mam","D01","HARV","HARV_006","2018-10-02","2018-10-02","NEON.DOC.000481vK",,
"9d05fb9f-1921-47ab-be72-51c93b69a82c","ac2cc6ed-9ce6-4d42-a011-20c66ca8b4e0","HARV_021.mammalGrid.mam","D01","HARV","HARV_021","2018-10-05","2018-10-05","NEON.DOC.000481vK",,
"83bc776a-1c1c-46b9-9bbc-5c69b1fdbe3f","6e1ef159-ef0c-4868-9325-b0f906b240e8","HARV_023.mammalGrid.mam","D01","HARV","HARV_023","2018-10-05","2018-10-05","NEON.DOC.000481vK",,
"ff4c7910-82c6-4f5e-8c99-3bfe676d0469","fea37bc9-2d7d-47a5-ad1e-fd58d27e050d","HARV_008.mammalGrid.mam","D01","HARV","HARV_008","2018-10-05","2018-10-05","NEON.DOC.000481vK",,
"91a155f7-681d-4b4d-9845-ce5303b60b69","f815bfd0-6243-416b-8edc-79e9dea1bce8","HARV_008.mammalGrid.mam","D01","HARV","HARV_008","2018-10-06","2018-10-06","NEON.DOC.000481vK",,
"2455c5de-9ffd-4822-9849-242ec5498464","3d5c0e62-6363-4a9e-9568-aafcfabd841e","HARV_023.mammalGrid.mam","D01","HARV","HARV_023","2018-10-06","2018-10-06","NEON.DOC.000481vK",,
"de1708c6-4548-4a7f-bf12-5e33a858d3fa","f35eb454-bbb9-40a1-abe1-d5215e28768f","HARV_021.mammalGrid.mam","D01","HARV","HARV_021","2018-10-06","2018-10-06","NEON.DOC.000481vK",,
