uid,nightuid,namedLocation,domainID,siteID,plotID,collectDate,endDate,samplingProtocolVersion,remarks,dataQF
"632e5cb0-95d6-41b5-addd-0285257f7a04","86a220c2-496e-4ee2-8eb0-4529586f6962","HARV_023.mammalGrid.mam","D01","HARV","HARV_023","2019-08-01","2019-08-01","NEON.DOC.000481vL",,
"76df4986-89e9-4c74-9484-1758582759d5","32bc0cad-9cd1-4e2f-9a59-76d81a1691f8","HARV_008.mammalGrid.mam","D01","HARV","HARV_008","2019-08-01","2019-08-01","NEON.DOC.000481vL",,
"a21d7632-ad50-4478-b2d1-bef659237db5","fac2f2e4-7880-419c-bf1f-ae5d90192cfa","HARV_021.mammalGrid.mam","D01","HARV","HARV_021","2019-08-01","2019-08-01","NEON.DOC.000481vL",,
"5d5c14d8-b964-4909-b108-cc0111132d8c","c81753d5-e1c2-4848-bcf5-dfa1609dffa7","HARV_001.mammalGrid.mam","D01","HARV","HARV_001","2019-08-02","2019-08-02","NEON.DOC.000481vL",,
"afecf8c4-3d9a-4c10-8dc2-ea1cd6584aa4","dbab858b-8085-4dc9-8ba7-d54a786012e8","HARV_010.mammalGrid.mam","D01","HARV","HARV_010","2019-08-02","2019-08-02","NEON.DOC.000481vL",,
"8e676b05-8156-4bb7-b87e-1d1c45a3201d","8986c921-ce0f-4935-92ac-394d972f3af2","HARV_006.mammalGrid.mam","D01","HARV","HARV_006","2019-08-02","2019-08-02","NEON.DOC.000481vL",,
